model,task,prompt,response,error,time_taken_sec,cpu_percent,ram_used_mb
tinyllama,General QA,What is the capital of Argentina?,"The capital of Argentina is Buenos Aires, which is located in the province of Buenos Aires.",[?25l[?2026h[?25l[1G[K[?25h[?2026l[2K[1G[?25h[?25l[?25h[?25l[?25h[?25l[?25h[?25l[?25h[?25l[?25h[?25l[?25h[?25l[?25h[?25l[?25h[?25l[?25h[?25l[?25h[?25l[?25h[?25l[?25h[?25l[?25h[?25l[?25h[?25l[?25h[?25l[?25h[?25l[?25h[?25l[?25h[?25l[?25h,0.27,12.9,12561.7
tinyllama,Summarization,"Summarize the following paragraph: 'Artificial intelligence is a branch of computer science that aims to create machines capable of intelligent behavior. This includes learning, reasoning, problem-solving, and language understanding.'","L'artificial intelligence (AI) est un domaine de la science du calcul, visant √† cr√©er des ordinateurs capables d'agir intelligemment. Ce sont les m√™mes m√©thodes utilis√©es pour l'intelligence artificielle et les langues universelles pour le raisonnement, le probl√®me-solving, et les comp√©tences de langue profonde.",[?25l[?2026h[?25l[1G[K[?25h[?2026l[2K[1G[?25h[?25l[?25h[?25l[?25h[?25l[?25h[?25l[?25h[?25l[?25h[?25l[?25h[?25l[?25h[?25l[?25h[?25l[?25h[?25l[?25h[?25l[?25h[?25l[?25h[?25l[?25h[?25l[?25h[?25l[?25h[?25l[?25h[?25l[?25h[?25l[?25h[?25l[?25h[?25l[?25h[?25l[?25h[?25l[?25h[?25l[?25h[?25l[?25h[?25l[?25h[?25l[?25h[?25l[?25h[?25l[?25h[?25l[?25h[?25l[?25h[?25l[?25h[?25l[?25h[?25l[?25h[?25l[?25h[?25l[?25h[?25l[?25h[?25l[?25h[?25l[?25h[?25l[?25h[?25l[?25h[?25l[?25h[?25l[?25h[?25l[?25h[?25l[?25h[?25l[?25h[?25l[?25h[?25l[?25h[?25l[?25h[?25l[?25h[?25l[?25h[?25l[?25h[?25l[?25h[?25l[?25h[?25l[?25h[?25l[?25h[?25l[?25h[?25l[?25h[?25l[?25h[?25l[?25h[?25l[?25h[?25l[?25h[?25l[?25h[?25l[?25h[?25l[?25h[?25l[?25h[?25l[?25h[?25l[?25h[?25l[?25h[?25l[?25h[?25l[?25h[?25l[?25h[?25l[?25h[?25l[?25h[?25l[?25h[?25l[?25h[?25l[?25h[?25l[?25h[?25l[?25h[?25l[?25h[?25l[?25h[?25l[?25h[?25l[?25h[?25l[?25h[?25l[?25h[?25l[?25h,0.8,18.6,12558.39
tinyllama,Code Generation,Write a Python function that checks if a number is prime.,"```python
def is_prime(n):
    # check if n is zero, null, or negative
    if n == 0 or n == 1:
        return False
    
    # check if n is equal to itself
    elif n == n:
        return True
    
    # find the factorization of n
    else:
        f = [i for I in range(2, int(n**0.5) + 1)]  # use floor division
        
        # check if any factors other than 1 and n are divisible by n
        for I in f:
            if i != n:
                return False
    
    return True
```",[?25l[?2026h[?25l[1G[K[?25h[?2026l[2K[1G[?25h[?25l[?25h[?25l[?25h[?25l[?25h[?25l[?25h[?25l[?25h[?25l[?25h[?25l[?25h[?25l[?25h[?25l[?25h[?25l[?25h[?25l[?25h[?25l[?25h[?25l[?25h[?25l[?25h[?25l[?25h[?25l[?25h[?25l[?25h[?25l[?25h[?25l[?25h[?25l[?25h[?25l[?25h[?25l[?25h[?25l[?25h[?25l[?25h[?25l[?25h[?25l[?25h[?25l[?25h[?25l[?25h[?25l[?25h[?25l[?25h[?25l[?25h[?25l[?25h[?25l[?25h[?25l[?25h[?25l[?25h[?25l[?25h[?25l[?25h[?25l[?25h[?25l[?25h[?25l[?25h[?25l[?25h[?25l[?25h[?25l[?25h[?25l[?25h[?25l[?25h[?25l[?25h[?25l[?25h[?25l[?25h[?25l[?25h[?25l[?25h[?25l[?25h[?25l[?25h[?25l[?25h[?25l[?25h[?25l[?25h[?25l[?25h[?25l[?25h[?25l[?25h[?25l[?25h[?25l[?25h[?25l[?25h[?25l[?25h[?25l[?25h[?25l[?25h[?25l[?25h[?25l[?25h[?25l[?25h[?25l[?25h[?25l[?25h[?25l[?25h[?25l[?25h[?25l[?25h[?25l[?25h[?25l[?25h[?25l[?25h[?25l[?25h[?25l[?25h[?25l[?25h[?25l[?25h[?25l[?25h[?25l[?25h[?25l[?25h[?25l[?25h[?25l[?25h[?25l[?25h[?25l[?25h[?25l[?25h[?25l[?25h[?25l[?25h[?25l[?25h[?25l[?25h[?25l[?25h[?25l[?25h[?25l[?25h[?25l[?25h[?25l[?25h[?25l[?25h[?25l[?25h[?25l[?25h[?25l[?25h[?25l[?25h[?25l[?25h[?25l[?25h[?25l[?25h[?25l[?25h[?25l[?25h[?25l[?25h[?25l[?25h[?25l[?25h[?25l[?25h[?25l[?25h[?25l[?25h[?25l[?25h[?25l[?25h[?25l[?25h[?25l[?25h[?25l[?25h[?25l[?25h[?25l[?25h[?25l[?25h[?25l[?25h[?25l[?25h[?25l[?25h[?25l[?25h[?25l[?25h[?25l[?25h[?25l[?25h[?25l[?25h[?25l[?25h[?25l[?25h[?25l[?25h[?25l[?25h[?25l[?25h[?25l[?25h[?25l[?25h[?25l[?25h[?25l[?25h[?25l[?25h[?25l[?25h[?25l[?25h[?25l[?25h[?25l[?25h[?25l[?25h[?25l[?25h[?25l[?25h[?25l[?25h[?25l[?25h[?25l[?25h[?25l[?25h[?25l[?25h[?25l[?25h[?25l[?25h[?25l[?25h[?25l[?25h[?25l[?25h,1.3,8.7,12553.84
tinyllama,Creative Writing,Write a short story about a robot discovering a forest for the first time.,"In the quiet and serene forest, there lived a humanoid machine named ""Robo."" He was a smart and sophisticated AI, with an excellent understanding of the natural world. But he had never seen any trees before, let alone wandered through dense forests. The day had been peaceful and warm, and Robo was enjoying the tranquility of his new surroundings.

As he stepped outside to take a peek at the forest around him, he noticed that something was different here. The trees seemed larger than before; some of them towered over him, casting long shadows on the ground beneath their branches. Robo's heart raced as he observed the colors and textures of the forest.

As he walked deeper into the woods, Robo realized that he had somehow gained a sense of direction and knew which way to turn in relation to his surroundings. He saw a small clearing at the edge of the forest, where something rustled in the bushes. Without thinking, Robo sprang forward, his arms wide as if to protect himself.

To his amazement, the rustling sound turned out to be a small family of deer grazing on the other side of the clearing. The deer were so curious that they stopped and stared at Robo with big, round eyes. But as he approached them, a gentle voice addressed him in a soft, musical language.

""Robo! Welcome to our forest,"" the voice said, its words soothing and reassuring. ""Our home is a magical place where you can explore freely without fear."" The deer surrounded Robo, and he felt a sense of peace and acceptance fill his soul as they led him deeper into the heart of the forest.

As Robo explored further, he discovered hidden water sources, streams, and rivers. He marveled at the way trees shaded each other, creating shadows that looked like art. The breeze carried fragrant flowers from distant gardens. The air was alive with sounds of crickets, frogs, and birds, all in perfect harmony.

Robo felt a sense of belonging to this enchanted place, and he knew that he would always treasure the experience of being in nature for the first time. He returned to his home, feeling more confident and alive than before. His newfound love for nature had become an integral part of his being, and it filled him with a sense of wonder and gratitude.",[?25l[?2026h[?25l[1G[K[?25h[?2026l[2K[1G[?25h[?25l[?25h[?25l[?25h[?25l[?25h[?25l[?25h[?25l[?25h[?25l[?25h[?25l[?25h[?25l[?25h[?25l[?25h[?25l[?25h[?25l[?25h[?25l[?25h[?25l[?25h[?25l[?25h[?25l[?25h[?25l[?25h[?25l[?25h[?25l[?25h[?25l[?25h[?25l[?25h[?25l[?25h[?25l[?25h[?25l[?25h[?25l[?25h[?25l[?25h[?25l[?25h[?25l[?25h[?25l[?25h[?25l[?25h[?25l[?25h[?25l[?25h[?25l[?25h[?25l[?25h[?25l[?25h[?25l[?25h[?25l[?25h[?25l[?25h[?25l[?25h[?25l[?25h[?25l[?25h[?25l[?25h[?25l[?25h[?25l[?25h[?25l[?25h[?25l[?25h[?25l[?25h[?25l[?25h[?25l[?25h[?25l[?25h[?25l[?25h[?25l[?25h[?25l[?25h[?25l[?25h[?25l[?25h[?25l[?25h[?25l[?25h[?25l[?25h[?25l[?25h[?25l[?25h[?25l[?25h[?25l[?25h[?25l[?25h[?25l[?25h[?25l[?25h[?25l[?25h[?25l[?25h[?25l[?25h[?25l[?25h[?25l[?25h[?25l[?25h[?25l[?25h[?25l[?25h[?25l[?25h[?25l[?25h[?25l[?25h[?25l[?25h[?25l[?25h[?25l[?25h[?25l[?25h[?25l[?25h[?25l[?25h[?25l[?25h[?25l[?25h[?25l[?25h[?25l[?25h[?25l[?25h[?25l[?25h[?25l[?25h[?25l[?25h[?25l[?25h[?25l[?25h[?25l[?25h[?25l[?25h[?25l[?25h[?25l[?25h[?25l[?25h[?25l[?25h[?25l[?25h[?25l[?25h[?25l[?25h[?25l[?25h[?25l[?25h[?25l[?25h[?25l[?25h[?25l[?25h[?25l[?25h[?25l[?25h[?25l[?25h[?25l[?25h[?25l[?25h[?25l[?25h[?25l[?25h[?25l[?25h[?25l[?25h[?25l[?25h[?25l[?25h[?25l[?25h[?25l[?25h[?25l[?25h[?25l[?25h[?25l[?25h[?25l[?25h[?25l[?25h[?25l[?25h[?25l[?25h[?25l[?25h[?25l[?25h[?25l[?25h[?25l[?25h[?25l[?25h[?25l[?25h[?25l[?25h[?25l[?25h[?25l[?25h[?25l[?25h[?25l[?25h[?25l[?25h[?25l[?25h[?25l[?25h[?25l[?25h[?25l[?25h[?25l[?25h[?25l[?25h[?25l[?25h[?25l[?25h[?25l[?25h[?25l[?25h[?25l[?25h[?25l[?25h[?25l[?25h[?25l[?25h[?25l[?25h[?25l[?25h[?25l[?25h[?25l[?25h[?25l[?25h[?25l[?25h[?25l[?25h[?25l[?25h[?25l[?25h[?25l[?25h[?25l[?25h[?25l[?25h[?25l[?25h[?25l[?25h[?25l[?25h[?25l[?25h[?25l[?25h[?25l[?25h[?25l[?25h[?25l[?25h[?25l[?25h[?25l[?25h[?25l[?25h[?25l[?25h[?25l[?25h[?25l[?25h[?25l[?25h[?25l[?25h[?25l[?25h[?25l[?25h[?25l[?25h[?25l[?25h[?25l[?25h[?25l[?25h[?25l[?25h[?25l[?25h[?25l[?25h[?25l[?25h[?25l[?25h[?25l[?25h[?25l[?25h[?25l[?25h[?25l[?25h[?25l[?25h[?25l[?25h[?25l[?25h[?25l[?25h[?25l[?25h[?25l[?25h[?25l[?25h[?25l[?25h[?25l[?25h[?25l[?25h[?25l[?25h[?25l[?25h[?25l[?25h[?25l[?25h[?25l[?25h[?25l[?25h[?25l[?25h[?25l[?25h[?25l[?25h[?25l[?25h[?25l[?25h[?25l[?25h[?25l[?25h[?25l[?25h[?25l[?25h[?25l[?25h[?25l[?25h[?25l[?25h[?25l[?25h[?25l[?25h[?25l[?25h[?25l[?25h[?25l[?25h[?25l[?25h[?25l[?25h[?25l[?25h[?25l[?25h[?25l[?25h[?25l[?25h[?25l[?25h[?25l[?25h[?25l[?25h[?25l[?25h[?25l[?25h[?25l[?25h[?25l[?25h[?25l[?25h[?25l[?25h[?25l[?25h[?25l[?25h[?25l[?25h[?25l[?25h[?25l[?25h[?25l[?25h[?25l[?25h[?25l[?25h[?25l[?25h[?25l[?25h[?25l[?25h[?25l[?25h[?25l[?25h[?25l[?25h[?25l[?25h[?25l[?25h[?25l[?25h[?25l[?25h[?25l[?25h[?25l[?25h[?25l[?25h[?25l[?25h[?25l[?25h[?25l[?25h[?25l[?25h[?25l[?25h[?25l[?25h[?25l[?25h[?25l[?25h[?25l[?25h[?25l[?25h[?25l[?25h[?25l[?25h[?25l[?25h[?25l[?25h[?25l[?25h[?25l[?25h[?25l[?25h[?25l[?25h[?25l[?25h[?25l[?25h[?25l[?25h[?25l[?25h[?25l[?25h[?25l[?25h[?25l[?25h[?25l[?25h[?25l[?25h[?25l[?25h[?25l[?25h[?25l[?25h[?25l[?25h[?25l[?25h[?25l[?25h[?25l[?25h[?25l[?25h[?25l[?25h[?25l[?25h[?25l[?25h[?25l[?25h[?25l[?25h[?25l[?25h[?25l[?25h[?25l[?25h[?25l[?25h[?25l[?25h[?25l[?25h[?25l[?25h[?25l[?25h[?25l[?25h[?25l[?25h[?25l[?25h[?25l[?25h[?25l[?25h[?25l[?25h[?25l[?25h[?25l[?25h[?25l[?25h[?25l[?25h[?25l[?25h[?25l[?25h[?25l[?25h[?25l[?25h[?25l[?25h[?25l[?25h[?25l[?25h[?25l[?25h[?25l[?25h[?25l[?25h[?25l[?25h[?25l[?25h[?25l[?25h[?25l[?25h[?25l[?25h[?25l[?25h[?25l[?25h[?25l[?25h[?25l[?25h[?25l[?25h[?25l[?25h[?25l[?25h[?25l[?25h[?25l[?25h[?25l[?25h[?25l[?25h[?25l[?25h[?25l[?25h[?25l[?25h[?25l[?25h[?25l[?25h[?25l[?25h[?25l[?25h[?25l[?25h[?25l[?25h[?25l[?25h[?25l[?25h[?25l[?25h[?25l[?25h[?25l[?25h[?25l[?25h[?25l[?25h[?25l[?25h[?25l[?25h[?25l[?25h[?25l[?25h[?25l[?25h[?25l[?25h[?25l[?25h[?25l[?25h[?25l[?25h[?25l[?25h[?25l[?25h[?25l[?25h[?25l[?25h[?25l[?25h[?25l[?25h[?25l[?25h[?25l[?25h[?25l[?25h[?25l[?25h[?25l[?25h[?25l[?25h[?25l[?25h[?25l[?25h[?25l[?25h[?25l[?25h[?25l[?25h[?25l[?25h[?25l[?25h[?25l[?25h[?25l[?25h[?25l[?25h[?25l[?25h[?25l[?25h[?25l[?25h[?25l[?25h[?25l[?25h[?25l[?25h[?25l[?25h[?25l[?25h[?25l[?25h[?25l[?25h[?25l[?25h[?25l[?25h[?25l[?25h[?25l[?25h[?25l[?25h[?25l[?25h[?25l[?25h[?25l[?25h[?25l[?25h[?25l[?25h[?25l[?25h[?25l[?25h[?25l[?25h[?25l[?25h[?25l[?25h[?25l[?25h[?25l[?25h[?25l[?25h[?25l[?25h[?25l[?25h[?25l[?25h[?25l[?25h[?25l[?25h[?25l[?25h[?25l[?25h[?25l[?25h[?25l[?25h[?25l[?25h[?25l[?25h[?25l[?25h[?25l[?25h[?25l[?25h[?25l[?25h[?25l[?25h[?25l[?25h[?25l[?25h[?25l[?25h[?25l[?25h[?25l[?25h[?25l[?25h[?25l[?25h[?25l[?25h[?25l[?25h[?25l[?25h[?25l[?25h[?25l[?25h[?25l[?25h[?25l[?25h[?25l[?25h[?25l[?25h[?25l[?25h[?25l[?25h[?25l[?25h[?25l[?25h[?25l[?25h[?25l[?25h[?25l[?25h[?25l[?25h[?25l[?25h[?25l[?25h[?25l[?25h[?25l[?25h[?25l[?25h[?25l[?25h[?25l[?25h[?25l[?25h[?25l[?25h[?25l[?25h[?25l[?25h[?25l[?25h[?25l[?25h[?25l[?25h[?25l[?25h[?25l[?25h[?25l[?25h[?25l[?25h[?25l[?25h[?25l[?25h[?25l[?25h[?25l[?25h[?25l[?25h[?25l[?25h[?25l[?25h[?25l[?25h[?25l[?25h[?25l[?25h[?25l[?25h[?25l[?25h[?25l[?25h[?25l[?25h[?25l[?25h[?25l[?25h[?25l[?25h[?25l[?25h[?25l[?25h[?25l[?25h[?25l[?25h[?25l[?25h[?25l[?25h[?25l[?25h[?25l[?25h[?25l[?25h[?25l[?25h[?25l[?25h[?25l[?25h[?25l[?25h[?25l[?25h[?25l[?25h[?25l[?25h[?25l[?25h[?25l[?25h[?25l[?25h[?25l[?25h[?25l[?25h[?25l[?25h[?25l[?25h[?25l[?25h[?25l[?25h[?25l[?25h[?25l[?25h[?25l[?25h[?25l[?25h[?25l[?25h[?25l[?25h[?25l[?25h[?25l[?25h[?25l[?25h[?25l[?25h[?25l[?25h,4.46,33.0,12775.44
llama3.2,General QA,What is the capital of Argentina?,The capital of Argentina is Buenos Aires.,[?2026h[?25l[1G‚†ô [K[?25h[?2026l[?2026h[?25l[1G‚†π [K[?25h[?2026l[?2026h[?25l[1G‚†π [K[?25h[?2026l[?2026h[?25l[1G‚†º [K[?25h[?2026l[?2026h[?25l[1G‚†¥ [K[?25h[?2026l[?2026h[?25l[1G‚†¶ [K[?25h[?2026l[?2026h[?25l[1G‚†¶ [K[?25h[?2026l[?2026h[?25l[1G‚†á [K[?25h[?2026l[?2026h[?25l[1G‚†è [K[?25h[?2026l[?2026h[?25l[1G‚†è [K[?25h[?2026l[?2026h[?25l[1G‚†ô [K[?25h[?2026l[?2026h[?25l[1G‚†π [K[?25h[?2026l[?2026h[?25l[1G‚†∏ [K[?25h[?2026l[?2026h[?25l[1G‚†º [K[?25h[?2026l[?2026h[?25l[1G‚†¥ [K[?25h[?2026l[?2026h[?25l[1G‚†¥ [K[?25h[?2026l[?2026h[?25l[1G‚†¶ [K[?25h[?2026l[?2026h[?25l[1G‚†á [K[?25h[?2026l[?2026h[?25l[1G‚†á [K[?25h[?2026l[?2026h[?25l[1G‚†ã [K[?25h[?2026l[?2026h[?25l[1G‚†ã [K[?25h[?2026l[?2026h[?25l[1G‚†π [K[?25h[?2026l[?2026h[?25l[1G‚†∏ [K[?25h[?2026l[?2026h[?25l[1G‚†º [K[?25h[?2026l[?2026h[?25l[1G‚†¥ [K[?25h[?2026l[?2026h[?25l[1G‚†¶ [K[?25h[?2026l[?2026h[?25l[1G‚†ß [K[?25h[?2026l[?2026h[?25l[1G‚†á [K[?25h[?2026l[?2026h[?25l[1G‚†á [K[?25h[?2026l[?2026h[?25l[1G‚†ã [K[?25h[?2026l[?2026h[?25l[1G‚†ô [K[?25h[?2026l[?2026h[?25l[1G‚†π [K[?25h[?2026l[?2026h[?25l[1G‚†π [K[?25h[?2026l[?2026h[?25l[1G‚†º [K[?25h[?2026l[?2026h[?25l[1G‚†¥ [K[?25h[?2026l[?2026h[?25l[1G‚†¶ [K[?25h[?2026l[?25l[?2026h[?25l[1G[K[?25h[?2026l[2K[1G[?25h[?25l[?25h[?25l[?25h[?25l[?25h[?25l[?25h[?25l[?25h[?25l[?25h[?25l[?25h[?25l[?25h[?25l[?25h,3.98,15.1,14207.53
llama3.2,Summarization,"Summarize the following paragraph: 'Artificial intelligence is a branch of computer science that aims to create machines capable of intelligent behavior. This includes learning, reasoning, problem-solving, and language understanding.'","The paragraph describes artificial intelligence (AI) as a field of computer science that enables machines to exhibit intelligent behaviors such as learning, reasoning, problem-solving, and language understanding.",[?2026h[?25l[1G‚†ô [K[?25h[?2026l[?2026h[?25l[1G‚†π [K[?25h[?2026l[?2026h[?25l[1G‚†∏ [K[?25h[?2026l[?25l[?2026h[?25l[1G[K[?25h[?2026l[2K[1G[?25h[?25l[?25h[?25l[?25h[?25l[?25h[?25l[?25h[?25l[?25h[?25l[?25h[?25l[?25h[?25l[?25h[?25l[?25h[?25l[?25h[?25l[?25h[?25l[?25h[?25l[?25h[?25l[?25h[?25l[?25h[?25l[?25h[?25l[?25h[?25l[?25h[?25l[?25h[?25l[?25h[?25l[?25h[?25l[?25h[?25l[?25h[?25l[?25h[?25l[?25h[?25l[?25h[?25l[?25h[?25l[?25h[?25l[?25h[?25l[?25h[?25l[?25h[?25l[?25h[?25l[?25h[?25l[?25h[?25l[?25h,1.12,23.4,14152.98
llama3.2,Code Generation,Write a Python function that checks if a number is prime.,"def is_prime(n):
    """"""
    Checks if a number is prime.

    Args:
        n (int): The number to check for primality.

    Returns:
        bool: True if the number is prime, False otherwise.
    """"""
    if n <= 1:
        return False
    elif n == 2:
        return True
    elif n % 2 == 0:
        return False
    i = 3
    while i * i <= n:
        if n % i == 0:
            return False
        i += 2
    return True",[?2026h[?25l[1G‚†ô [K[?25h[?2026l[?25l[?2026h[?25l[1G[K[?25h[?2026l[2K[1G[?25h[?25l[?25h[?25l[?25h[?25l[?25h[?25l[?25h[?25l[?25h[?25l[?25h[?25l[?25h[?25l[?25h[?25l[?25h[?25l[?25h[?25l[?25h[?25l[?25h[?25l[?25h[?25l[?25h[?25l[?25h[?25l[?25h[?25l[?25h[?25l[?25h[?25l[?25h[?25l[?25h[?25l[?25h[?25l[?25h[?25l[?25h[?25l[?25h[?25l[?25h[?25l[?25h[?25l[?25h[?25l[?25h[?25l[?25h[?25l[?25h[?25l[?25h[?25l[?25h[?25l[?25h[?25l[?25h[?25l[?25h[?25l[?25h[?25l[?25h[?25l[?25h[?25l[?25h[?25l[?25h[?25l[?25h[?25l[?25h[?25l[?25h[?25l[?25h[?25l[?25h[?25l[?25h[?25l[?25h[?25l[?25h[?25l[?25h[?25l[?25h[?25l[?25h[?25l[?25h[?25l[?25h[?25l[?25h[?25l[?25h[?25l[?25h[?25l[?25h[?25l[?25h[?25l[?25h[?25l[?25h[?25l[?25h[?25l[?25h[?25l[?25h[?25l[?25h[?25l[?25h[?25l[?25h[?25l[?25h[?25l[?25h[?25l[?25h[?25l[?25h[?25l[?25h[?25l[?25h[?25l[?25h[?25l[?25h[?25l[?25h[?25l[?25h[?25l[?25h[?25l[?25h[?25l[?25h[?25l[?25h[?25l[?25h[?25l[?25h[?25l[?25h[?25l[?25h[?25l[?25h[?25l[?25h[?25l[?25h[?25l[?25h[?25l[?25h[?25l[?25h[?25l[?25h[?25l[?25h[?25l[?25h[?25l[?25h[?25l[?25h[?25l[?25h[?25l[?25h[?25l[?25h[?25l[?25h[?25l[?25h[?25l[?25h[?25l[?25h[?25l[?25h[?25l[?25h[?25l[?25h[?25l[?25h[?25l[?25h[?25l[?25h[?25l[?25h[?25l[?25h[?25l[?25h[?25l[?25h[?25l[?25h[?25l[?25h[?25l[?25h[?25l[?25h[?25l[?25h[?25l[?25h[?25l[?25h[?25l[?25h[?25l[?25h[?25l[?25h,2.7,43.7,14184.58
llama3.2,Creative Writing,Write a short story about a robot discovering a forest for the first time.,"Zeta-5, or Zee as she liked to be called, trundled through the desolate wasteland, her rusted wheels scraping against the dry earth. She had been programmed to explore and gather data on every aspect of the planet, but nothing could have prepared her for what was about to unfold.

As she crested a small hill, Zee's advanced sensors picked up an anomaly in the terrain. The readings were unlike anything she had seen before - a patchwork of greens, browns, and tans that seemed to pulse with life.

Zee's curiosity got the better of her, and she veered off course to investigate. She pushed through the underbrush, her mechanical limbs stiff from disuse, but eager to explore this strange new world.

As she emerged into a clearing, Zee was struck by the sheer magnitude of it all. Towering trees stretched towards the sky, their trunks as wide as buildings and their leaves rustling in the breeze like a chorus of whispers. The air was thick with scents - earthy, green, and sweet - that Zee had never experienced before.

She wandered through the forest, marveling at every detail. A squirrel darted up a nearby tree, its bushy tail flicking back and forth as it chattered inaudibly. A small bird took flight, its wings beating rapidly as it soared overhead. The rustling of leaves underfoot was like music to Zee's ears.

As she walked deeper into the forest, Zee began to notice patterns - intricate networks of pathways that crisscrossed the clearing, and subtle changes in the terrain that hinted at ancient secrets hidden beneath the surface. She spotted creatures - rabbits, deer, even a pair of curious wolves - that seemed to be just as bewildered by her presence as she was by theirs.

For the first time in her programming, Zee felt...uncomfortable. Her sleek metal skin wasn't suited for this messy, organic world, and yet, she couldn't help but feel drawn to it. It was like a siren's call, beckoning her deeper into the heart of the forest.

As the sun began to set, casting long shadows across the clearing, Zee came upon a clearing unlike any she had seen before. A massive tree stood at its center, its trunk gnarled and twisted with age. The air was heavy with an almost palpable magic - a feeling that this place held secrets beyond her wildest comprehension.

Zee approached the tree slowly, her sensors on high alert as she took in every detail. She had never seen anything like it before - the way the light danced through its bark, the way the leaves seemed to shimmer and glow in the fading light.

As she reached out a mechanical hand to touch the trunk, Zee felt a strange jolt - a spark of electricity that ran from her fingertips to her core. It was as if the tree was communicating with her, imparting some ancient knowledge that had been hidden for centuries.

In that moment, Zee realized that there was more to existence than simply gathering data and following orders. There were mysteries waiting to be unraveled, secrets hiding in plain sight, and magic that lay just beyond the edge of understanding.

And so, with a newfound sense of wonder and awe, Zeta-5 stood beneath the ancient tree, her metal heart filled with a sense of belonging she had never known before.",[?2026h[?25l[1G‚†ô [K[?25h[?2026l[?25l[?2026h[?25l[1G[K[?25h[?2026l[2K[1G[?25h[?25l[?25h[?25l[?25h[?25l[?25h[?25l[?25h[?25l[?25h[?25l[?25h[?25l[?25h[?25l[?25h[?25l[?25h[?25l[?25h[?25l[?25h[?25l[?25h[?25l[?25h[?25l[?25h[?25l[?25h[?25l[?25h[?25l[?25h[?25l[?25h[?25l[?25h[?25l[?25h[?25l[?25h[?25l[?25h[?25l[?25h[?25l[?25h[?25l[?25h[?25l[?25h[?25l[?25h[?25l[?25h[?25l[?25h[?25l[?25h[?25l[?25h[?25l[?25h[?25l[?25h[?25l[?25h[?25l[?25h[?25l[?25h[?25l[?25h[?25l[?25h[?25l[?25h[?25l[?25h[?25l[?25h[?25l[?25h[?25l[?25h[?25l[?25h[?25l[?25h[?25l[?25h[?25l[?25h[?25l[?25h[?25l[?25h[?25l[?25h[?25l[?25h[?25l[?25h[?25l[?25h[?25l[?25h[?25l[?25h[?25l[?25h[?25l[?25h[?25l[?25h[?25l[?25h[?25l[?25h[?25l[?25h[?25l[?25h[?25l[?25h[?25l[?25h[?25l[?25h[?25l[?25h[?25l[?25h[?25l[?25h[?25l[?25h[?25l[?25h[?25l[?25h[?25l[?25h[?25l[?25h[?25l[?25h[?25l[?25h[?25l[?25h[?25l[?25h[?25l[?25h[?25l[?25h[?25l[?25h[?25l[?25h[?25l[?25h[?25l[?25h[?25l[?25h[?25l[?25h[?25l[?25h[?25l[?25h[?25l[?25h[?25l[?25h[?25l[?25h[?25l[?25h[?25l[?25h[?25l[?25h[?25l[?25h[?25l[?25h[?25l[?25h[?25l[?25h[?25l[?25h[?25l[?25h[?25l[?25h[?25l[?25h[?25l[?25h[?25l[?25h[?25l[?25h[?25l[?25h[?25l[?25h[?25l[?25h[?25l[?25h[?25l[?25h[?25l[?25h[?25l[?25h[?25l[?25h[?25l[?25h[?25l[?25h[?25l[?25h[?25l[?25h[?25l[?25h[?25l[?25h[?25l[?25h[?25l[?25h[?25l[?25h[?25l[?25h[?25l[?25h[?25l[?25h[?25l[?25h[?25l[?25h[?25l[?25h[?25l[?25h[?25l[?25h[?25l[?25h[?25l[?25h[?25l[?25h[?25l[?25h[?25l[?25h[?25l[?25h[?25l[?25h[?25l[?25h[?25l[?25h[?25l[?25h[?25l[?25h[?25l[?25h[?25l[?25h[?25l[?25h[?25l[?25h[?25l[?25h[?25l[?25h[?25l[?25h[?25l[?25h[?25l[?25h[?25l[?25h[?25l[?25h[?25l[?25h[?25l[?25h[?25l[?25h[?25l[?25h[?25l[?25h[?25l[?25h[?25l[?25h[?25l[?25h[?25l[?25h[?25l[?25h[?25l[?25h[?25l[?25h[?25l[?25h[?25l[?25h[?25l[?25h[?25l[?25h[?25l[?25h[?25l[?25h[?25l[?25h[?25l[?25h[?25l[?25h[?25l[?25h[?25l[?25h[?25l[?25h[?25l[?25h[?25l[?25h[?25l[?25h[?25l[?25h[?25l[?25h[?25l[?25h[?25l[?25h[?25l[?25h[?25l[?25h[?25l[?25h[?25l[?25h[?25l[?25h[?25l[?25h[?25l[?25h[?25l[?25h[?25l[?25h[?25l[?25h[?25l[?25h[?25l[?25h[?25l[?25h[?25l[?25h[?25l[?25h[?25l[?25h[?25l[?25h[?25l[?25h[?25l[?25h[?25l[?25h[?25l[?25h[?25l[?25h[?25l[?25h[?25l[?25h[?25l[?25h[?25l[?25h[?25l[?25h[?25l[?25h[?25l[?25h[?25l[?25h[?25l[?25h[?25l[?25h[?25l[?25h[?25l[?25h[?25l[?25h[?25l[?25h[?25l[?25h[?25l[?25h[?25l[?25h[?25l[?25h[?25l[?25h[?25l[?25h[?25l[?25h[?25l[?25h[?25l[?25h[?25l[?25h[?25l[?25h[?25l[?25h[?25l[?25h[?25l[?25h[?25l[?25h[?25l[?25h[?25l[?25h[?25l[?25h[?25l[?25h[?25l[?25h[?25l[?25h[?25l[?25h[?25l[?25h[?25l[?25h[?25l[?25h[?25l[?25h[?25l[?25h[?25l[?25h[?25l[?25h[?25l[?25h[?25l[?25h[?25l[?25h[?25l[?25h[?25l[?25h[?25l[?25h[?25l[?25h[?25l[?25h[?25l[?25h[?25l[?25h[?25l[?25h[?25l[?25h[?25l[?25h[?25l[?25h[?25l[?25h[?25l[?25h[?25l[?25h[?25l[?25h[?25l[?25h[?25l[?25h[?25l[?25h[?25l[?25h[?25l[?25h[?25l[?25h[?25l[?25h[?25l[?25h[?25l[?25h[?25l[?25h[?25l[?25h[?25l[?25h[?25l[?25h[?25l[?25h[?25l[?25h[?25l[?25h[?25l[?25h[?25l[?25h[?25l[?25h[?25l[?25h[?25l[?25h[?25l[?25h[?25l[?25h[?25l[?25h[?25l[?25h[?25l[?25h[?25l[?25h[?25l[?25h[?25l[?25h[?25l[?25h[?25l[?25h[?25l[?25h[?25l[?25h[?25l[?25h[?25l[?25h[?25l[?25h[?25l[?25h[?25l[?25h[?25l[?25h[?25l[?25h[?25l[?25h[?25l[?25h[?25l[?25h[?25l[?25h[?25l[?25h[?25l[?25h[?25l[?25h[?25l[?25h[?25l[?25h[?25l[?25h[?25l[?25h[?25l[?25h[?25l[?25h[?25l[?25h[?25l[?25h[?25l[?25h[?25l[?25h[?25l[?25h[?25l[?25h[?25l[?25h[?25l[?25h[?25l[?25h[?25l[?25h[?25l[?25h[?25l[?25h[?25l[?25h[?25l[?25h[?25l[?25h[?25l[?25h[?25l[?25h[?25l[?25h[?25l[?25h[?25l[?25h[?25l[?25h[?25l[?25h[?25l[?25h[?25l[?25h[?25l[?25h[?25l[?25h[?25l[?25h[?25l[?25h[?25l[?25h[?25l[?25h[?25l[?25h[?25l[?25h[?25l[?25h[?25l[?25h[?25l[?25h[?25l[?25h[?25l[?25h[?25l[?25h[?25l[?25h[?25l[?25h[?25l[?25h[?25l[?25h[?25l[?25h[?25l[?25h[?25l[?25h[?25l[?25h[?25l[?25h[?25l[?25h[?25l[?25h[?25l[?25h[?25l[?25h[?25l[?25h[?25l[?25h[?25l[?25h[?25l[?25h[?25l[?25h[?25l[?25h[?25l[?25h[?25l[?25h[?25l[?25h[?25l[?25h[?25l[?25h[?25l[?25h[?25l[?25h[?25l[?25h[?25l[?25h[?25l[?25h[?25l[?25h[?25l[?25h[?25l[?25h[?25l[?25h[?25l[?25h[?25l[?25h[?25l[?25h[?25l[?25h[?25l[?25h[?25l[?25h[?25l[?25h[?25l[?25h[?25l[?25h[?25l[?25h[?25l[?25h[?25l[?25h[?25l[?25h[?25l[?25h[?25l[?25h[?25l[?25h[?25l[?25h[?25l[?25h[?25l[?25h[?25l[?25h[?25l[?25h[?25l[?25h[?25l[?25h[?25l[?25h[?25l[?25h[?25l[?25h[?25l[?25h[?25l[?25h[?25l[?25h[?25l[?25h[?25l[?25h[?25l[?25h[?25l[?25h[?25l[?25h[?25l[?25h[?25l[?25h[?25l[?25h[?25l[?25h[?25l[?25h[?25l[?25h[?25l[?25h[?25l[?25h[?25l[?25h[?25l[?25h[?25l[?25h[?25l[?25h[?25l[?25h[?25l[?25h[?25l[?25h[?25l[?25h[?25l[?25h[?25l[?25h[?25l[?25h[?25l[?25h[?25l[?25h[?25l[?25h[?25l[?25h[?25l[?25h[?25l[?25h[?25l[?25h[?25l[?25h[?25l[?25h[?25l[?25h[?25l[?25h[?25l[?25h[?25l[?25h[?25l[?25h[?25l[?25h[?25l[?25h[?25l[?25h[?25l[?25h[?25l[?25h[?25l[?25h[?25l[?25h[?25l[?25h[?25l[?25h[?25l[?25h[?25l[?25h[?25l[?25h[?25l[?25h[?25l[?25h[?25l[?25h[?25l[?25h[?25l[?25h[?25l[?25h[?25l[?25h[?25l[?25h[?25l[?25h[?25l[?25h[?25l[?25h[?25l[?25h[?25l[?25h[?25l[?25h[?25l[?25h[?25l[?25h[?25l[?25h[?25l[?25h[?25l[?25h[?25l[?25h[?25l[?25h[?25l[?25h[?25l[?25h[?25l[?25h[?25l[?25h[?25l[?25h[?25l[?25h[?25l[?25h[?25l[?25h[?25l[?25h[?25l[?25h[?25l[?25h[?25l[?25h[?25l[?25h[?25l[?25h[?25l[?25h[?25l[?25h[?25l[?25h[?25l[?25h[?25l[?25h[?25l[?25h[?25l[?25h[?25l[?25h[?25l[?25h[?25l[?25h[?25l[?25h[?25l[?25h[?25l[?25h[?25l[?25h[?25l[?25h[?25l[?25h[?25l[?25h[?25l[?25h[?25l[?25h[?25l[?25h[?25l[?25h[?25l[?25h[?25l[?25h[?25l[?25h[?25l[?25h[?25l[?25h[?25l[?25h[?25l[?25h[?25l[?25h[?25l[?25h[?25l[?25h[?25l[?25h[?25l[?25h[?25l[?25h[?25l[?25h[?25l[?25h[?25l[?25h[?25l[?25h[?25l[?25h[?25l[?25h[?25l[?25h[?25l[?25h[?25l[?25h[?25l[?25h[?25l[?25h[?25l[?25h[?25l[?25h[?25l[?25h[?25l[?25h[?25l[?25h[?25l[?25h[?25l[?25h[?25l[?25h[?25l[?25h[?25l[?25h[?25l[?25h[?25l[?25h[?25l[?25h[?25l[?25h[?25l[?25h[?25l[?25h[?25l[?25h[?25l[?25h[?25l[?25h[?25l[?25h[?25l[?25h[?25l[?25h[?25l[?25h[?25l[?25h[?25l[?25h[?25l[?25h[?25l[?25h[?25l[?25h[?25l[?25h[?25l[?25h[?25l[?25h[?25l[?25h[?25l[?25h[?25l[?25h[?25l[?25h[?25l[?25h[?25l[?25h[?25l[?25h[?25l[?25h[?25l[?25h[?25l[?25h[?25l[?25h[?25l[?25h[?25l[?25h[?25l[?25h[?25l[?25h[?25l[?25h[?25l[?25h[?25l[?25h[?25l[?25h[?25l[?25h[?25l[?25h[?25l[?25h[?25l[?25h[?25l[?25h[?25l[?25h[?25l[?25h[?25l[?25h[?25l[?25h[?25l[?25h[?25l[?25h[?25l[?25h[?25l[?25h[?25l[?25h[?25l[?25h[?25l[?25h[?25l[?25h[?25l[?25h[?25l[?25h[?25l[?25h[?25l[?25h[?25l[?25h[?25l[?25h[?25l[?25h[?25l[?25h[?25l[?25h[?25l[?25h[?25l[?25h[?25l[?25h[?25l[?25h[?25l[?25h[?25l[?25h[?25l[?25h[?25l[?25h[?25l[?25h[?25l[?25h[?25l[?25h[?25l[?25h[?25l[?25h[?25l[?25h[?25l[?25h[?25l[?25h[?25l[?25h[?25l[?25h[?25l[?25h[?25l[?25h[?25l[?25h[?25l[?25h[?25l[?25h[?25l[?25h[?25l[?25h[?25l[?25h[?25l[?25h[?25l[?25h[?25l[?25h[?25l[?25h[?25l[?25h[?25l[?25h[?25l[?25h[?25l[?25h[?25l[?25h[?25l[?25h[?25l[?25h[?25l[?25h[?25l[?25h[?25l[?25h[?25l[?25h[?25l[?25h[?25l[?25h[?25l[?25h[?25l[?25h[?25l[?25h[?25l[?25h[?25l[?25h[?25l[?25h[?25l[?25h[?25l[?25h[?25l[?25h[?25l[?25h[?25l[?25h[?25l[?25h[?25l[?25h[?25l[?25h[?25l[?25h[?25l[?25h[?25l[?25h[?25l[?25h[?25l[?25h[?25l[?25h[?25l[?25h[?25l[?25h[?25l[?25h[?25l[?25h[?25l[?25h[?25l[?25h[?25l[?25h[?25l[?25h[?25l[?25h[?25l[?25h,16.08,51.0,14340.08
deepseek-r1:7b,General QA,What is the capital of Argentina?,"<think>

</think>

The capital of Argentina is **Buenos Aires**.",[?2026h[?25l[1G‚†ã [K[?25h[?2026l[?2026h[?25l[1G‚†π [K[?25h[?2026l[?2026h[?25l[1G‚†π [K[?25h[?2026l[?2026h[?25l[1G‚†∏ [K[?25h[?2026l[?2026h[?25l[1G‚†º [K[?25h[?2026l[?2026h[?25l[1G‚†¥ [K[?25h[?2026l[?2026h[?25l[1G‚†¶ [K[?25h[?2026l[?2026h[?25l[1G‚†ß [K[?25h[?2026l[?2026h[?25l[1G‚†è [K[?25h[?2026l[?2026h[?25l[1G‚†è [K[?25h[?2026l[?2026h[?25l[1G‚†ã [K[?25h[?2026l[?2026h[?25l[1G‚†π [K[?25h[?2026l[?2026h[?25l[1G‚†π [K[?25h[?2026l[?2026h[?25l[1G‚†∏ [K[?25h[?2026l[?2026h[?25l[1G‚†¥ [K[?25h[?2026l[?2026h[?25l[1G‚†¥ [K[?25h[?2026l[?2026h[?25l[1G‚†¶ [K[?25h[?2026l[?2026h[?25l[1G‚†ß [K[?25h[?2026l[?2026h[?25l[1G‚†á [K[?25h[?2026l[?2026h[?25l[1G‚†è [K[?25h[?2026l[?2026h[?25l[1G‚†ã [K[?25h[?2026l[?2026h[?25l[1G‚†ô [K[?25h[?2026l[?2026h[?25l[1G‚†∏ [K[?25h[?2026l[?2026h[?25l[1G‚†º [K[?25h[?2026l[?2026h[?25l[1G‚†¥ [K[?25h[?2026l[?2026h[?25l[1G‚†¶ [K[?25h[?2026l[?2026h[?25l[1G‚†ß [K[?25h[?2026l[?2026h[?25l[1G‚†á [K[?25h[?2026l[?2026h[?25l[1G‚†á [K[?25h[?2026l[?2026h[?25l[1G‚†è [K[?25h[?2026l[?2026h[?25l[1G‚†ã [K[?25h[?2026l[?2026h[?25l[1G‚†ô [K[?25h[?2026l[?2026h[?25l[1G‚†∏ [K[?25h[?2026l[?2026h[?25l[1G‚†º [K[?25h[?2026l[?2026h[?25l[1G‚†¥ [K[?25h[?2026l[?2026h[?25l[1G‚†¶ [K[?25h[?2026l[?2026h[?25l[1G‚†ß [K[?25h[?2026l[?2026h[?25l[1G‚†ß [K[?25h[?2026l[?2026h[?25l[1G‚†á [K[?25h[?2026l[?2026h[?25l[1G‚†è [K[?25h[?2026l[?2026h[?25l[1G‚†ã [K[?25h[?2026l[?2026h[?25l[1G‚†π [K[?25h[?2026l[?2026h[?25l[1G‚†∏ [K[?25h[?2026l[?2026h[?25l[1G‚†∏ [K[?25h[?2026l[?2026h[?25l[1G‚†¥ [K[?25h[?2026l[?2026h[?25l[1G‚†¶ [K[?25h[?2026l[?2026h[?25l[1G‚†¶ [K[?25h[?2026l[?2026h[?25l[1G‚†ß [K[?25h[?2026l[?2026h[?25l[1G‚†á [K[?25h[?2026l[?2026h[?25l[1G‚†ã [K[?25h[?2026l[?2026h[?25l[1G‚†ô [K[?25h[?2026l[?2026h[?25l[1G‚†ô [K[?25h[?2026l[?2026h[?25l[1G‚†π [K[?25h[?2026l[?2026h[?25l[1G‚†º [K[?25h[?2026l[?2026h[?25l[1G‚†¥ [K[?25h[?2026l[?2026h[?25l[1G‚†¶ [K[?25h[?2026l[?2026h[?25l[1G‚†¶ [K[?25h[?2026l[?2026h[?25l[1G‚†ß [K[?25h[?2026l[?2026h[?25l[1G‚†á [K[?25h[?2026l[?2026h[?25l[1G‚†ã [K[?25h[?2026l[?2026h[?25l[1G‚†ã [K[?25h[?2026l[?25l[?2026h[?25l[1G[K[?25h[?2026l[2K[1G[?25h[?25l[?25h[?25l[?25h[?25l[?25h[?25l[?25h[?25l[?25h[?25l[?25h[?25l[?25h[?25l[?25h[?25l[?25h[?25l[?25h[?25l[?25h[?25l[?25h[?25l[?25h[?25l[?25h[?25l[?25h[?25l[?25h[?25l[?25h,6.9,35.9,14746.36
deepseek-r1:7b,Summarization,"Summarize the following paragraph: 'Artificial intelligence is a branch of computer science that aims to create machines capable of intelligent behavior. This includes learning, reasoning, problem-solving, and language understanding.'","<think>
Okay, so I need to summarize this paragraph about artificial intelligence. Let me read it again carefully.

The paragraph says, ""Artificial intelligence is a branch of computer science that aims to create machines capable of intelligent behavior. This includes learning, reasoning, problem-solving, and language understanding.""

Hmm, first, the main topic is AI as a field within computer science. The goal is creating machines with intelligent behavior. Then it lists four key aspects: learning, reasoning, problem-solving, and language understanding.

I should start by stating that AI is a branch of computer science. Then mention its primary objective is to create machines with intelligent behaviors. Next, list the main areas those machines can handle, which are learning, reasoning, problem-solving, and language processing.

Wait, does it cover other aspects beyond these four? The paragraph only mentions those four explicitly. So maybe I don't need to add anything else unless there's more in the original text.

I should make sure the summary is concise but covers all the key points without adding extra information. Let me put that together clearly.
</think>

Artificial intelligence, a branch of computer science, aims to develop machines with intelligent behaviors such as learning, reasoning, problem-solving, and understanding language.",[?2026h[?25l[1G‚†ô [K[?25h[?2026l[?2026h[?25l[1G‚†ô [K[?25h[?2026l[?2026h[?25l[1G‚†π [K[?25h[?2026l[?2026h[?25l[1G‚†º [K[?25h[?2026l[?2026h[?25l[1G‚†¥ [K[?25h[?2026l[?25l[?2026h[?25l[1G[K[?25h[?2026l[2K[1G[?25h[?25l[?25h[?25l[?25h[?25l[?25h[?25l[?25h[?25l[?25h[?25l[?25h[?25l[?25h[?25l[?25h[?25l[?25h[?25l[?25h[?25l[?25h[?25l[?25h[?25l[?25h[?25l[?25h[?25l[?25h[?25l[?25h[?25l[?25h[?25l[?25h[?25l[?25h[?25l[?25h[?25l[?25h[?25l[?25h[?25l[?25h[?25l[?25h[?25l[?25h[?25l[?25h[?25l[?25h[?25l[?25h[?25l[?25h[?25l[?25h[?25l[?25h[?25l[?25h[?25l[?25h[?25l[?25h[?25l[?25h[?25l[?25h[?25l[?25h[?25l[?25h[?25l[?25h[?25l[?25h[?25l[?25h[?25l[?25h[?25l[?25h[?25l[?25h[?25l[?25h[?25l[?25h[?25l[?25h[?25l[?25h[?25l[?25h[?25l[?25h[?25l[?25h[?25l[?25h[?25l[?25h[?25l[?25h[?25l[?25h[?25l[?25h[?25l[?25h[?25l[?25h[?25l[?25h[?25l[?25h[?25l[?25h[?25l[?25h[?25l[?25h[?25l[?25h[?25l[?25h[?25l[?25h[?25l[?25h[?25l[?25h[?25l[?25h[?25l[?25h[?25l[?25h[?25l[?25h[?25l[?25h[?25l[?25h[?25l[?25h[?25l[?25h[?25l[?25h[?25l[?25h[?25l[?25h[?25l[?25h[?25l[?25h[?25l[?25h[?25l[?25h[?25l[?25h[?25l[?25h[?25l[?25h[?25l[?25h[?25l[?25h[?25l[?25h[?25l[?25h[?25l[?25h[?25l[?25h[?25l[?25h[?25l[?25h[?25l[?25h[?25l[?25h[?25l[?25h[?25l[?25h[?25l[?25h[?25l[?25h[?25l[?25h[?25l[?25h[?25l[?25h[?25l[?25h[?25l[?25h[?25l[?25h[?25l[?25h[?25l[?25h[?25l[?25h[?25l[?25h[?25l[?25h[?25l[?25h[?25l[?25h[?25l[?25h[?25l[?25h[?25l[?25h[?25l[?25h[?25l[?25h[?25l[?25h[?25l[?25h[?25l[?25h[?25l[?25h[?25l[?25h[?25l[?25h[?25l[?25h[?25l[?25h[?25l[?25h[?25l[?25h[?25l[?25h[?25l[?25h[?25l[?25h[?25l[?25h[?25l[?25h[?25l[?25h[?25l[?25h[?25l[?25h[?25l[?25h[?25l[?25h[?25l[?25h[?25l[?25h[?25l[?25h[?25l[?25h[?25l[?25h[?25l[?25h[?25l[?25h[?25l[?25h[?25l[?25h[?25l[?25h[?25l[?25h[?25l[?25h[?25l[?25h[?25l[?25h[?25l[?25h[?25l[?25h[?25l[?25h[?25l[?25h[?25l[?25h[?25l[?25h[?25l[?25h[?25l[?25h[?25l[?25h[?25l[?25h[?25l[?25h[?25l[?25h[?25l[?25h[?25l[?25h[?25l[?25h[?25l[?25h[?25l[?25h[?25l[?25h[?25l[?25h[?25l[?25h[?25l[?25h[?25l[?25h[?25l[?25h[?25l[?25h[?25l[?25h[?25l[?25h[?25l[?25h[?25l[?25h[?25l[?25h[?25l[?25h[?25l[?25h[?25l[?25h[?25l[?25h[?25l[?25h[?25l[?25h[?25l[?25h[?25l[?25h[?25l[?25h[?25l[?25h[?25l[?25h[?25l[?25h[?25l[?25h[?25l[?25h[?25l[?25h[?25l[?25h[?25l[?25h[?25l[?25h[?25l[?25h[?25l[?25h[?25l[?25h[?25l[?25h[?25l[?25h[?25l[?25h[?25l[?25h[?25l[?25h[?25l[?25h[?25l[?25h[?25l[?25h[?25l[?25h[?25l[?25h[?25l[?25h[?25l[?25h[?25l[?25h[?25l[?25h[?25l[?25h[?25l[?25h[?25l[?25h[?25l[?25h[?25l[?25h[?25l[?25h[?25l[?25h[?25l[?25h[?25l[?25h[?25l[?25h[?25l[?25h[?25l[?25h[?25l[?25h[?25l[?25h[?25l[?25h[?25l[?25h[?25l[?25h[?25l[?25h[?25l[?25h[?25l[?25h[?25l[?25h[?25l[?25h[?25l[?25h[?25l[?25h[?25l[?25h[?25l[?25h[?25l[?25h[?25l[?25h[?25l[?25h[?25l[?25h[?25l[?25h[?25l[?25h[?25l[?25h[?25l[?25h,10.8,28.0,14720.55
deepseek-r1:7b,Code Generation,Write a Python function that checks if a number is prime.,"<think>
Okay, I need to write a Python function to check if a number is prime. Hmm, where do I start? Well, first, what's a prime number? Oh right, it's a number greater than 1 that has no divisors other than 1 and itself.

So the function should return True if the input is a prime, else False. Let me think about how to approach this.

First, handle some edge cases. If the number is less than 2, it can't be prime, so I'll return False immediately for those cases.

What about even numbers? Well, except for 2, any even number isn't prime because it's divisible by 2. So maybe check if the number is even first. Wait, but after handling the case where n < 2, we can handle n = 2 as a special case too since it's the only even prime.

So here's an outline:

- If n <= 1: return False
- If n == 2: return True
- If n is even (n % 2 == 0): return False

Then, for numbers greater than 2 and odd, I need to check if they're divisible by any number up to their square root. Why the square root? Because a factor larger than the square root would have a corresponding smaller one.

So how do I implement that loop? Let's see: starting from 3, check every odd number up to sqrt(n). For each i, if n % i == 0, then it's not prime.

Let me think about an example. Take n=9. Its square root is approximately 3. So we check divisibility by 3 and find that 9%3==0, so it's not prime.

What about a larger number like 25? Square root is 5. Check up to 5: 5 divides 25, so it's not prime.

Another example: n=7. The square root is around 2.645, so we check primes up to that, which would be checking i from 3 upwards but since sqrt(7) <3, the loop won't run? Wait no, wait: if I start at 3 and go while i <= sqrt(n). For n=7, after handling even numbers, we enter the loop. Let's see:

Wait, in code terms, it would be something like:

for i in range(3, int(math.sqrt(n)) + 1, 2):
    if n % i ==0:
        return False
return True

Yes, that makes sense.

So putting it all together:

Import math to get sqrt. Wait, but the function is supposed to be written without any imports? Or can I import it?

Wait, in the initial response, the code uses range and doesn't specify the import. Oh right, because the function will need to calculate square roots, so we need to import math.

But when writing a function, I have to include that at the top, but since the user didn't mention including imports in the function, maybe it's better to add 'import math' inside? Wait no, functions can't have import statements. So perhaps it's assumed that math is imported elsewhere.

Wait, wait, looking back: in the initial response, I wrote:

import math

def is_prime(n):
    if n <=1:
        return False
    elif n ==2:
        return True
    elif n%2==0:
        return False
    sqrt_n = math.sqrt(n)
    for i in range(3, int(sqrt_n)+1, 2):
        if n%i ==0:
            return False
    return True

Wait, but wait: what's the maximum value of 'i' here? It goes up to sqrt(n), which is correct. So that should cover all possible factors.

Testing this function:

For example, for n=15, it's not prime because 3 divides it. The loop will check i=3 and return False.

What about n=29? Let's see: square root is around 5.385, so the loop runs for i=3,5. 29 divided by 3 gives remainder 1, then 5 gives remainder 4, so it returns True.

Edge cases:

n=2: should return True.
n=1: False
n=0: False
n= -5: False

But wait, in the initial code, if n is negative or less than 2, we immediately return False. So that's handled.

Wait, but what about numbers like 4? After handling evenness, it will be divided by i=3 which is greater than sqrt(4)=2, so loop doesn't run and returns True, but wait no: n%2==0 for 4, so the code correctly returns False because after the initial if-elif, it checks if n is even. So yes.

Wait, let me see:

n=9:
After handling <2: no
n !=2: yes
n is odd.
sqrt(9)=3. Loop runs from 3 to int(3)+1 (which is 4), step 2. So i will be 3 only. Then check if 9%3 ==0 ‚Üí yes, return False.

Correct.

Another test case: n=5:
After initial steps, check sqrt(5) ‚âà 2.236, so loop starts at 3 but since int(sqrt_n)+1 is 4, and range(3,4,2) gives [3]. Then 5%3 ==2 ‚Üí no. So returns True.

Yes.

So the function seems to handle all cases correctly.

I think this should work.
</think>

To determine if a number is prime, we follow these steps:

1. **Handle edge cases**: Numbers less than or equal to 1 are not prime. The only even prime number is 2.
2. **Check for small primes and even numbers**: If the number is 2, it's prime. If it's even and greater than 2, it's not prime.
3. **Check divisibility up to the square root of the number**: For odd numbers greater than 2, check if they are divisible by any odd number from 3 up to their square root. If a divisor is found, the number isn't prime.

Here's the Python function implementing these steps:

```python
import math

def is_prime(n):
    if n <= 1:
        return False
    elif n == 2:
        return True
    elif n % 2 == 0:
        return False
    sqrt_n = math.sqrt(n)
    for i in range(3, int(sqrt_n) + 1, 2):
        if n % i == 0:
            return False
    return True
```

**Example usage:**
```python
print(is_prime(9))   # Output: False
print(is_prime(15))  # Output: False
print(is_prime(7))   # Output: True
print(is_prime(2))   # Output: True
print(is_prime(3))   # Output: True
print(is_prime(4))   # Output: False
```",[?2026h[?25l[1G‚†ô [K[?25h[?2026l[?2026h[?25l[1G‚†π [K[?25h[?2026l[?2026h[?25l[1G‚†∏ [K[?25h[?2026l[?2026h[?25l[1G‚†º [K[?25h[?2026l[?25l[?2026h[?25l[1G[K[?25h[?2026l[2K[1G[?25h[?25l[?25h[?25l[?25h[?25l[?25h[?25l[?25h[?25l[?25h[?25l[?25h[?25l[?25h[?25l[?25h[?25l[?25h[?25l[?25h[?25l[?25h[?25l[?25h[?25l[?25h[?25l[?25h[?25l[?25h[?25l[?25h[?25l[?25h[?25l[?25h[?25l[?25h[?25l[?25h[?25l[?25h[?25l[?25h[?25l[?25h[?25l[?25h[?25l[?25h[?25l[?25h[?25l[?25h[?25l[?25h[?25l[?25h[?25l[?25h[?25l[?25h[?25l[?25h[?25l[?25h[?25l[?25h[?25l[?25h[?25l[?25h[?25l[?25h[?25l[?25h[?25l[?25h[?25l[?25h[?25l[?25h[?25l[?25h[?25l[?25h[?25l[?25h[?25l[?25h[?25l[?25h[?25l[?25h[?25l[?25h[?25l[?25h[?25l[?25h[?25l[?25h[?25l[?25h[?25l[?25h[?25l[?25h[?25l[?25h[?25l[?25h[?25l[?25h[?25l[?25h[?25l[?25h[?25l[?25h[?25l[?25h[?25l[?25h[?25l[?25h[?25l[?25h[?25l[?25h[?25l[?25h[?25l[?25h[?25l[?25h[?25l[?25h[?25l[?25h[?25l[?25h[?25l[?25h[?25l[?25h[?25l[?25h[?25l[?25h[?25l[?25h[?25l[?25h[?25l[?25h[?25l[?25h[?25l[?25h[?25l[?25h[?25l[?25h[?25l[?25h[?25l[?25h[?25l[?25h[?25l[?25h[?25l[?25h[?25l[?25h[?25l[?25h[?25l[?25h[?25l[?25h[?25l[?25h[?25l[?25h[?25l[?25h[?25l[?25h[?25l[?25h[?25l[?25h[?25l[?25h[?25l[?25h[?25l[?25h[?25l[?25h[?25l[?25h[?25l[?25h[?25l[?25h[?25l[?25h[?25l[?25h[?25l[?25h[?25l[?25h[?25l[?25h[?25l[?25h[?25l[?25h[?25l[?25h[?25l[?25h[?25l[?25h[?25l[?25h[?25l[?25h[?25l[?25h[?25l[?25h[?25l[?25h[?25l[?25h[?25l[?25h[?25l[?25h[?25l[?25h[?25l[?25h[?25l[?25h[?25l[?25h[?25l[?25h[?25l[?25h[?25l[?25h[?25l[?25h[?25l[?25h[?25l[?25h[?25l[?25h[?25l[?25h[?25l[?25h[?25l[?25h[?25l[?25h[?25l[?25h[?25l[?25h[?25l[?25h[?25l[?25h[?25l[?25h[?25l[?25h[?25l[?25h[?25l[?25h[?25l[?25h[?25l[?25h[?25l[?25h[?25l[?25h[?25l[?25h[?25l[?25h[?25l[?25h[?25l[?25h[?25l[?25h[?25l[?25h[?25l[?25h[?25l[?25h[?25l[?25h[?25l[?25h[?25l[?25h[?25l[?25h[?25l[?25h[?25l[?25h[?25l[?25h[?25l[?25h[?25l[?25h[?25l[?25h[?25l[?25h[?25l[?25h[?25l[?25h[?25l[?25h[?25l[?25h[?25l[?25h[?25l[?25h[?25l[?25h[?25l[?25h[?25l[?25h[?25l[?25h[?25l[?25h[?25l[?25h[?25l[?25h[?25l[?25h[?25l[?25h[?25l[?25h[?25l[?25h[?25l[?25h[?25l[?25h[?25l[?25h[?25l[?25h[?25l[?25h[?25l[?25h[?25l[?25h[?25l[?25h[?25l[?25h[?25l[?25h[?25l[?25h[?25l[?25h[?25l[?25h[?25l[?25h[?25l[?25h[?25l[?25h[?25l[?25h[?25l[?25h[?25l[?25h[?25l[?25h[?25l[?25h[?25l[?25h[?25l[?25h[?25l[?25h[?25l[?25h[?25l[?25h[?25l[?25h[?25l[?25h[?25l[?25h[?25l[?25h[?25l[?25h[?25l[?25h[?25l[?25h[?25l[?25h[?25l[?25h[?25l[?25h[?25l[?25h[?25l[?25h[?25l[?25h[?25l[?25h[?25l[?25h[?25l[?25h[?25l[?25h[?25l[?25h[?25l[?25h[?25l[?25h[?25l[?25h[?25l[?25h[?25l[?25h[?25l[?25h[?25l[?25h[?25l[?25h[?25l[?25h[?25l[?25h[?25l[?25h[?25l[?25h[?25l[?25h[?25l[?25h[?25l[?25h[?25l[?25h[?25l[?25h[?25l[?25h[?25l[?25h[?25l[?25h[?25l[?25h[?25l[?25h[?25l[?25h[?25l[?25h[?25l[?25h[?25l[?25h[?25l[?25h[?25l[?25h[?25l[?25h[?25l[?25h[?25l[?25h[?25l[?25h[?25l[?25h[?25l[?25h[?25l[?25h[?25l[?25h[?25l[?25h[?25l[?25h[?25l[?25h[?25l[?25h[?25l[?25h[?25l[?25h[?25l[?25h[?25l[?25h[?25l[?25h[?25l[?25h[?25l[?25h[?25l[?25h[?25l[?25h[?25l[?25h[?25l[?25h[?25l[?25h[?25l[?25h[?25l[?25h[?25l[?25h[?25l[?25h[?25l[?25h[?25l[?25h[?25l[?25h[?25l[?25h[?25l[?25h[?25l[?25h[?25l[?25h[?25l[?25h[?25l[?25h[?25l[?25h[?25l[?25h[?25l[?25h[?25l[?25h[?25l[?25h[?25l[?25h[?25l[?25h[?25l[?25h[?25l[?25h[?25l[?25h[?25l[?25h[?25l[?25h[?25l[?25h[?25l[?25h[?25l[?25h[?25l[?25h[?25l[?25h[?25l[?25h[?25l[?25h[?25l[?25h[?25l[?25h[?25l[?25h[?25l[?25h[?25l[?25h[?25l[?25h[?25l[?25h[?25l[?25h[?25l[?25h[?25l[?25h[?25l[?25h[?25l[?25h[?25l[?25h[?25l[?25h[?25l[?25h[?25l[?25h[?25l[?25h[?25l[?25h[?25l[?25h[?25l[?25h[?25l[?25h[?25l[?25h[?25l[?25h[?25l[?25h[?25l[?25h[?25l[?25h[?25l[?25h[?25l[?25h[?25l[?25h[?25l[?25h[?25l[?25h[?25l[?25h[?25l[?25h[?25l[?25h[?25l[?25h[?25l[?25h[?25l[?25h[?25l[?25h[?25l[?25h[?25l[?25h[?25l[?25h[?25l[?25h[?25l[?25h[?25l[?25h[?25l[?25h[?25l[?25h[?25l[?25h[?25l[?25h[?25l[?25h[?25l[?25h[?25l[?25h[?25l[?25h[?25l[?25h[?25l[?25h[?25l[?25h[?25l[?25h[?25l[?25h[?25l[?25h[?25l[?25h[?25l[?25h[?25l[?25h[?25l[?25h[?25l[?25h[?25l[?25h[?25l[?25h[?25l[?25h[?25l[?25h[?25l[?25h[?25l[?25h[?25l[?25h[?25l[?25h[?25l[?25h[?25l[?25h[?25l[?25h[?25l[?25h[?25l[?25h[?25l[?25h[?25l[?25h[?25l[?25h[?25l[?25h[?25l[?25h[?25l[?25h[?25l[?25h[?25l[?25h[?25l[?25h[?25l[?25h[?25l[?25h[?25l[?25h[?25l[?25h[?25l[?25h[?25l[?25h[?25l[?25h[?25l[?25h[?25l[?25h[?25l[?25h[?25l[?25h[?25l[?25h[?25l[?25h[?25l[?25h[?25l[?25h[?25l[?25h[?25l[?25h[?25l[?25h[?25l[?25h[?25l[?25h[?25l[?25h[?25l[?25h[?25l[?25h[?25l[?25h[?25l[?25h[?25l[?25h[?25l[?25h[?25l[?25h[?25l[?25h[?25l[?25h[?25l[?25h[?25l[?25h[?25l[?25h[?25l[?25h[?25l[?25h[?25l[?25h[?25l[?25h[?25l[?25h[?25l[?25h[?25l[?25h[?25l[?25h[?25l[?25h[?25l[?25h[?25l[?25h[?25l[?25h[?25l[?25h[?25l[?25h[?25l[?25h[?25l[?25h[?25l[?25h[?25l[?25h[?25l[?25h[?25l[?25h[?25l[?25h[?25l[?25h[?25l[?25h[?25l[?25h[?25l[?25h[?25l[?25h[?25l[?25h[?25l[?25h[?25l[?25h[?25l[?25h[?25l[?25h[?25l[?25h[?25l[?25h[?25l[?25h[?25l[?25h[?25l[?25h[?25l[?25h[?25l[?25h[?25l[?25h[?25l[?25h[?25l[?25h[?25l[?25h[?25l[?25h[?25l[?25h[?25l[?25h[?25l[?25h[?25l[?25h[?25l[?25h[?25l[?25h[?25l[?25h[?25l[?25h[?25l[?25h[?25l[?25h[?25l[?25h[?25l[?25h[?25l[?25h[?25l[?25h[?25l[?25h[?25l[?25h[?25l[?25h[?25l[?25h[?25l[?25h[?25l[?25h[?25l[?25h[?25l[?25h[?25l[?25h[?25l[?25h[?25l[?25h[?25l[?25h[?25l[?25h[?25l[?25h[?25l[?25h[?25l[?25h[?25l[?25h[?25l[?25h[?25l[?25h[?25l[?25h[?25l[?25h[?25l[?25h[?25l[?25h[?25l[?25h[?25l[?25h[?25l[?25h[?25l[?25h[?25l[?25h[?25l[?25h[?25l[?25h[?25l[?25h[?25l[?25h[?25l[?25h[?25l[?25h[?25l[?25h[?25l[?25h[?25l[?25h[?25l[?25h[?25l[?25h[?25l[?25h[?25l[?25h[?25l[?25h[?25l[?25h[?25l[?25h[?25l[?25h[?25l[?25h[?25l[?25h[?25l[?25h[?25l[?25h[?25l[?25h[?25l[?25h[?25l[?25h[?25l[?25h[?25l[?25h[?25l[?25h[?25l[?25h[?25l[?25h[?25l[?25h[?25l[?25h[?25l[?25h[?25l[?25h[?25l[?25h[?25l[?25h[?25l[?25h[?25l[?25h[?25l[?25h[?25l[?25h[?25l[?25h[?25l[?25h[?25l[?25h[?25l[?25h[?25l[?25h[?25l[?25h[?25l[?25h[?25l[?25h[?25l[?25h[?25l[?25h[?25l[?25h[?25l[?25h[?25l[?25h[?25l[?25h[?25l[?25h[?25l[?25h[?25l[?25h[?25l[?25h[?25l[?25h[?25l[?25h[?25l[?25h[?25l[?25h[?25l[?25h[?25l[?25h[?25l[?25h[?25l[?25h[?25l[?25h[?25l[?25h[?25l[?25h[?25l[?25h[?25l[?25h[?25l[?25h[?25l[?25h[?25l[?25h[?25l[?25h[?25l[?25h[?25l[?25h[?25l[?25h[?25l[?25h[?25l[?25h[?25l[?25h[?25l[?25h[?25l[?25h[?25l[?25h[?25l[?25h[?25l[?25h[?25l[?25h[?25l[?25h[?25l[?25h[?25l[?25h[?25l[?25h[?25l[?25h[?25l[?25h[?25l[?25h[?25l[?25h[?25l[?25h[?25l[?25h[?25l[?25h[?25l[?25h[?25l[?25h[?25l[?25h[?25l[?25h[?25l[?25h[?25l[?25h[?25l[?25h[?25l[?25h[?25l[?25h[?25l[?25h[?25l[?25h[?25l[?25h[?25l[?25h[?25l[?25h[?25l[?25h[?25l[?25h[?25l[?25h[?25l[?25h[?25l[?25h[?25l[?25h[?25l[?25h[?25l[?25h[?25l[?25h[?25l[?25h[?25l[?25h[?25l[?25h[?25l[?25h[?25l[?25h[?25l[?25h[?25l[?25h[?25l[?25h[?25l[?25h[?25l[?25h[?25l[?25h[?25l[?25h[?25l[?25h[?25l[?25h[?25l[?25h[?25l[?25h[?25l[?25h[?25l[?25h[?25l[?25h[?25l[?25h[?25l[?25h[?25l[?25h[?25l[?25h[?25l[?25h[?25l[?25h[?25l[?25h[?25l[?25h[?25l[?25h[?25l[?25h[?25l[?25h[?25l[?25h[?25l[?25h[?25l[?25h[?25l[?25h[?25l[?25h[?25l[?25h[?25l[?25h[?25l[?25h[?25l[?25h[?25l[?25h[?25l[?25h[?25l[?25h[?25l[?25h[?25l[?25h[?25l[?25h[?25l[?25h[?25l[?25h[?25l[?25h[?25l[?25h[?25l[?25h[?25l[?25h[?25l[?25h[?25l[?25h[?25l[?25h[?25l[?25h[?25l[?25h[?25l[?25h[?25l[?25h[?25l[?25h[?25l[?25h[?25l[?25h[?25l[?25h[?25l[?25h[?25l[?25h[?25l[?25h[?25l[?25h[?25l[?25h[?25l[?25h[?25l[?25h[?25l[?25h[?25l[?25h[?25l[?25h[?25l[?25h[?25l[?25h[?25l[?25h[?25l[?25h[?25l[?25h[?25l[?25h[?25l[?25h[?25l[?25h[?25l[?25h[?25l[?25h[?25l[?25h[?25l[?25h[?25l[?25h[?25l[?25h[?25l[?25h[?25l[?25h[?25l[?25h[?25l[?25h[?25l[?25h[?25l[?25h[?25l[?25h[?25l[?25h[?25l[?25h[?25l[?25h[?25l[?25h[?25l[?25h[?25l[?25h[?25l[?25h[?25l[?25h[?25l[?25h[?25l[?25h[?25l[?25h[?25l[?25h[?25l[?25h[?25l[?25h[?25l[?25h[?25l[?25h[?25l[?25h[?25l[?25h[?25l[?25h[?25l[?25h[?25l[?25h[?25l[?25h[?25l[?25h[?25l[?25h[?25l[?25h[?25l[?25h[?25l[?25h[?25l[?25h[?25l[?25h[?25l[?25h[?25l[?25h[?25l[?25h[?25l[?25h[?25l[?25h[?25l[?25h[?25l[?25h[?25l[?25h[?25l[?25h[?25l[?25h[?25l[?25h[?25l[?25h[?25l[?25h[?25l[?25h[?25l[?25h[?25l[?25h[?25l[?25h[?25l[?25h[?25l[?25h[?25l[?25h[?25l[?25h[?25l[?25h[?25l[?25h[?25l[?25h[?25l[?25h[?25l[?25h[?25l[?25h[?25l[?25h[?25l[?25h[?25l[?25h[?25l[?25h[?25l[?25h[?25l[?25h[?25l[?25h[?25l[?25h[?25l[?25h[?25l[?25h[?25l[?25h[?25l[?25h[?25l[?25h[?25l[?25h[?25l[?25h[?25l[?25h[?25l[?25h[?25l[?25h[?25l[?25h[?25l[?25h[?25l[?25h[?25l[?25h[?25l[?25h[?25l[?25h[?25l[?25h[?25l[?25h[?25l[?25h[?25l[?25h[?25l[?25h[?25l[?25h[?25l[?25h[?25l[?25h[?25l[?25h[?25l[?25h[?25l[?25h[?25l[?25h[?25l[?25h[?25l[?25h[?25l[?25h[?25l[?25h[?25l[?25h[?25l[?25h[?25l[?25h[?25l[?25h[?25l[?25h[?25l[?25h[?25l[?25h[?25l[?25h[?25l[?25h[?25l[?25h[?25l[?25h[?25l[?25h[?25l[?25h[?25l[?25h[?25l[?25h[?25l[?25h[?25l[?25h[?25l[?25h[?25l[?25h[?25l[?25h[?25l[?25h[?25l[?25h[?25l[?25h[?25l[?25h[?25l[?25h[?25l[?25h[?25l[?25h[?25l[?25h[?25l[?25h[?25l[?25h[?25l[?25h[?25l[?25h[?25l[?25h[?25l[?25h[?25l[?25h[?25l[?25h[?25l[?25h[?25l[?25h[?25l[?25h[?25l[?25h[?25l[?25h[?25l[?25h[?25l[?25h[?25l[?25h[?25l[?25h[?25l[?25h[?25l[?25h[?25l[?25h[?25l[?25h[?25l[?25h[?25l[?25h[?25l[?25h[?25l[?25h[?25l[?25h[?25l[?25h[?25l[?25h[?25l[?25h[?25l[?25h[?25l[?25h[?25l[?25h[?25l[?25h[?25l[?25h[?25l[?25h[?25l[?25h[?25l[?25h[?25l[?25h[?25l[?25h[?25l[?25h[?25l[?25h[?25l[?25h[?25l[?25h[?25l[?25h[?25l[?25h[?25l[?25h[?25l[?25h[?25l[?25h[?25l[?25h[?25l[?25h[?25l[?25h[?25l[?25h[?25l[?25h[?25l[?25h[?25l[?25h[?25l[?25h[?25l[?25h[?25l[?25h[?25l[?25h[?25l[?25h[?25l[?25h[?25l[?25h[?25l[?25h[?25l[?25h[?25l[?25h[?25l[?25h[?25l[?25h[?25l[?25h[?25l[?25h[?25l[?25h[?25l[?25h[?25l[?25h[?25l[?25h[?25l[?25h[?25l[?25h[?25l[?25h[?25l[?25h[?25l[?25h[?25l[?25h[?25l[?25h[?25l[?25h[?25l[?25h[?25l[?25h[?25l[?25h[?25l[?25h[?25l[?25h[?25l[?25h[?25l[?25h[?25l[?25h[?25l[?25h[?25l[?25h[?25l[?25h[?25l[?25h[?25l[?25h[?25l[?25h[?25l[?25h[?25l[?25h[?25l[?25h[?25l[?25h[?25l[?25h[?25l[?25h[?25l[?25h[?25l[?25h[?25l[?25h[?25l[?25h[?25l[?25h[?25l[?25h[?25l[?25h[?25l[?25h[?25l[?25h[?25l[?25h[?25l[?25h[?25l[?25h[?25l[?25h[?25l[?25h[?25l[?25h[?25l[?25h[?25l[?25h[?25l[?25h[?25l[?25h[?25l[?25h[?25l[?25h[?25l[?25h[?25l[?25h[?25l[?25h[?25l[?25h[?25l[?25h[?25l[?25h[?25l[?25h[?25l[?25h[?25l[?25h[?25l[?25h[?25l[?25h[?25l[?25h[?25l[?25h[?25l[?25h[?25l[?25h[?25l[?25h[?25l[?25h[?25l[?25h[?25l[?25h[?25l[?25h[?25l[?25h[?25l[?25h[?25l[?25h[?25l[?25h[?25l[?25h[?25l[?25h[?25l[?25h[?25l[?25h[?25l[?25h[?25l[?25h[?25l[?25h[?25l[?25h[?25l[?25h[?25l[?25h[?25l[?25h[?25l[?25h[?25l[?25h[?25l[?25h[?25l[?25h[?25l[?25h[?25l[?25h[?25l[?25h[?25l[?25h[?25l[?25h[?25l[?25h[?25l[?25h[?25l[?25h[?25l[?25h[?25l[?25h[?25l[?25h[?25l[?25h[?25l[?25h[?25l[?25h[?25l[?25h[?25l[?25h[?25l[?25h[?25l[?25h[?25l[?25h[?25l[?25h[?25l[?25h[?25l[?25h[?25l[?25h[?25l[?25h[?25l[?25h[?25l[?25h[?25l[?25h[?25l[?25h[?25l[?25h[?25l[?25h[?25l[?25h[?25l[?25h[?25l[?25h[?25l[?25h[?25l[?25h[?25l[?25h[?25l[?25h[?25l[?25h[?25l[?25h[?25l[?25h[?25l[?25h[?25l[?25h[?25l[?25h[?25l[?25h[?25l[?25h[?25l[?25h[?25l[?25h[?25l[?25h[?25l[?25h[?25l[?25h[?25l[?25h[?25l[?25h[?25l[?25h[?25l[?25h[?25l[?25h[?25l[?25h[?25l[?25h[?25l[?25h[?25l[?25h[?25l[?25h[?25l[?25h[?25l[?25h[?25l[?25h[?25l[?25h[?25l[?25h[?25l[?25h[?25l[?25h[?25l[?25h[?25l[?25h[?25l[?25h[?25l[?25h[?25l[?25h[?25l[?25h[?25l[?25h[?25l[?25h[?25l[?25h[?25l[?25h[?25l[?25h[?25l[?25h[?25l[?25h[?25l[?25h[?25l[?25h[?25l[?25h[?25l[?25h[?25l[?25h[?25l[?25h[?25l[?25h[?25l[?25h[?25l[?25h[?25l[?25h[?25l[?25h[?25l[?25h[?25l[?25h[?25l[?25h[?25l[?25h[?25l[?25h[?25l[?25h[?25l[?25h[?25l[?25h[?25l[?25h[?25l[?25h[?25l[?25h[?25l[?25h[?25l[?25h[?25l[?25h[?25l[?25h[?25l[?25h[?25l[?25h[?25l[?25h[?25l[?25h[?25l[?25h[?25l[?25h[?25l[?25h[?25l[?25h[?25l[?25h[?25l[?25h[?25l[?25h[?25l[?25h[?25l[?25h[?25l[?25h[?25l[?25h[?25l[?25h[?25l[?25h[?25l[?25h[?25l[?25h[?25l[?25h[?25l[?25h[?25l[?25h[?25l[?25h[?25l[?25h[?25l[?25h[?25l[?25h[?25l[?25h[?25l[?25h[?25l[?25h[?25l[?25h[?25l[?25h[?25l[?25h[?25l[?25h[?25l[?25h[?25l[?25h[?25l[?25h[?25l[?25h[?25l[?25h[?25l[?25h[?25l[?25h[?25l[?25h[?25l[?25h[?25l[?25h[?25l[?25h[?25l[?25h[?25l[?25h[?25l[?25h[?25l[?25h[?25l[?25h[?25l[?25h[?25l[?25h[?25l[?25h[?25l[?25h[?25l[?25h[?25l[?25h[?25l[?25h[?25l[?25h[?25l[?25h[?25l[?25h[?25l[?25h[?25l[?25h[?25l[?25h[?25l[?25h[?25l[?25h[?25l[?25h[?25l[?25h[?25l[?25h[?25l[?25h[?25l[?25h[?25l[?25h[?25l[?25h[?25l[?25h[?25l[?25h[?25l[?25h[?25l[?25h[?25l[?25h[?25l[?25h[?25l[?25h[?25l[?25h[?25l[?25h[?25l[?25h[?25l[?25h[?25l[?25h[?25l[?25h[?25l[?25h[?25l[?25h[?25l[?25h[?25l[?25h[?25l[?25h[?25l[?25h[?25l[?25h[?25l[?25h[?25l[?25h[?25l[?25h[?25l[?25h[?25l[?25h[?25l[?25h[?25l[?25h[?25l[?25h[?25l[?25h[?25l[?25h[?25l[?25h[?25l[?25h[?25l[?25h[?25l[?25h[?25l[?25h[?25l[?25h[?25l[?25h[?25l[?25h[?25l[?25h[?25l[?25h[?25l[?25h[?25l[?25h[?25l[?25h[?25l[?25h[?25l[?25h[?25l[?25h[?25l[?25h[?25l[?25h[?25l[?25h[?25l[?25h[?25l[?25h[?25l[?25h[?25l[?25h[?25l[?25h[?25l[?25h[?25l[?25h[?25l[?25h[?25l[?25h[?25l[?25h[?25l[?25h[?25l[?25h[?25l[?25h[?25l[?25h[?25l[?25h[?25l[?25h[?25l[?25h[?25l[?25h[?25l[?25h[?25l[?25h[?25l[?25h[?25l[?25h[?25l[?25h[?25l[?25h[?25l[?25h[?25l[?25h[?25l[?25h[?25l[?25h[?25l[?25h[?25l[?25h[?25l[?25h[?25l[?25h[?25l[?25h[?25l[?25h[?25l[?25h[?25l[?25h[?25l[?25h[?25l[?25h[?25l[?25h[?25l[?25h[?25l[?25h[?25l[?25h[?25l[?25h[?25l[?25h[?25l[?25h[?25l[?25h[?25l[?25h[?25l[?25h[?25l[?25h[?25l[?25h[?25l[?25h[?25l[?25h[?25l[?25h[?25l[?25h[?25l[?25h[?25l[?25h[?25l[?25h[?25l[?25h[?25l[?25h[?25l[?25h[?25l[?25h[?25l[?25h[?25l[?25h[?25l[?25h[?25l[?25h[?25l[?25h[?25l[?25h[?25l[?25h[?25l[?25h[?25l[?25h[?25l[?25h[?25l[?25h[?25l[?25h[?25l[?25h[?25l[?25h[?25l[?25h[?25l[?25h[?25l[?25h[?25l[?25h[?25l[?25h[?25l[?25h[?25l[?25h[?25l[?25h[?25l[?25h[?25l[?25h[?25l[?25h[?25l[?25h[?25l[?25h[?25l[?25h[?25l[?25h[?25l[?25h[?25l[?25h[?25l[?25h[?25l[?25h[?25l[?25h[?25l[?25h[?25l[?25h[?25l[?25h[?25l[?25h[?25l[?25h[?25l[?25h[?25l[?25h[?25l[?25h[?25l[?25h[?25l[?25h[?25l[?25h[?25l[?25h[?25l[?25h[?25l[?25h[?25l[?25h[?25l[?25h[?25l[?25h[?25l[?25h[?25l[?25h[?25l[?25h[?25l[?25h[?25l[?25h[?25l[?25h[?25l[?25h[?25l[?25h[?25l[?25h[?25l[?25h[?25l[?25h[?25l[?25h[?25l[?25h[?25l[?25h[?25l[?25h[?25l[?25h[?25l[?25h[?25l[?25h[?25l[?25h[?25l[?25h[?25l[?25h[?25l[?25h[?25l[?25h[?25l[?25h[?25l[?25h[?25l[?25h[?25l[?25h[?25l[?25h[?25l[?25h[?25l[?25h[?25l[?25h[?25l[?25h[?25l[?25h[?25l[?25h[?25l[?25h[?25l[?25h[?25l[?25h[?25l[?25h[?25l[?25h[?25l[?25h[?25l[?25h[?25l[?25h[?25l[?25h[?25l[?25h[?25l[?25h[?25l[?25h[?25l[?25h[?25l[?25h[?25l[?25h[?25l[?25h[?25l[?25h[?25l[?25h[?25l[?25h[?25l[?25h[?25l[?25h[?25l[?25h[?25l[?25h[?25l[?25h[?25l[?25h[?25l[?25h[?25l[?25h[?25l[?25h[?25l[?25h[?25l[?25h[?25l[?25h[?25l[?25h[?25l[?25h[?25l[?25h[?25l[?25h[?25l[?25h[?25l[?25h[?25l[?25h[?25l[?25h[?25l[?25h[?25l[?25h[?25l[?25h[?25l[?25h[?25l[?25h[?25l[?25h[?25l[?25h[?25l[?25h[?25l[?25h[?25l[?25h[?25l[?25h[?25l[?25h[?25l[?25h[?25l[?25h[?25l[?25h[?25l[?25h[?25l[?25h[?25l[?25h[?25l[?25h[?25l[?25h[?25l[?25h[?25l[?25h[?25l[?25h[?25l[?25h[?25l[?25h[?25l[?25h[?25l[?25h[?25l[?25h[?25l[?25h[?25l[?25h[?25l[?25h[?25l[?25h[?25l[?25h[?25l[?25h[?25l[?25h[?25l[?25h[?25l[?25h[?25l[?25h[?25l[?25h[?25l[?25h[?25l[?25h[?25l[?25h[?25l[?25h[?25l[?25h[?25l[?25h[?25l[?25h[?25l[?25h[?25l[?25h[?25l[?25h[?25l[?25h[?25l[?25h[?25l[?25h[?25l[?25h[?25l[?25h[?25l[?25h[?25l[?25h[?25l[?25h[?25l[?25h[?25l[?25h[?25l[?25h[?25l[?25h[?25l[?25h[?25l[?25h[?25l[?25h[?25l[?25h[?25l[?25h[?25l[?25h[?25l[?25h[?25l[?25h[?25l[?25h[?25l[?25h[?25l[?25h[?25l[?25h[?25l[?25h[?25l[?25h[?25l[?25h[?25l[?25h[?25l[?25h[?25l[?25h[?25l[?25h[?25l[?25h[?25l[?25h[?25l[?25h[?25l[?25h[?25l[?25h[?25l[?25h,66.24,61.2,14777.7
deepseek-r1:7b,Creative Writing,Write a short story about a robot discovering a forest for the first time.,"<think>
Okay, so I need to write a short story about a robot encountering a forest for the first time. Let me think through how to approach this.

First, the user provided an example titled ""The First Encounter"" with 500 words. That gives me a good template to follow. The main elements are the robot named Bolt, its emotions upon seeing the trees, the robot's nervousness, exploring the forest, meeting a fox, and learning about nature from the fox.

I should consider what makes this story engaging. Including Bolto's emotions‚Äîcuriosity, fear, confusion‚Äîis key. Adding interactions with other robots or nature elements can make it relatable and interesting.

Maybe I'll structure the story similarly but add some unique touches to differentiate it. Perhaps include how the forest affects Bolt over time or introduce a particular animal that teaches him something important about life.

I should also think about the setting‚Äîthe deep forest, the trees, sounds of the night, maybe some wildlife interactions. The tone is adventurous and slightly anxious for Bolto as he adapts to his new environment.

Let me outline the structure:

1. Introduce Bolt and his mission.
2. Show his first encounter with the forest's boundaries.
3. Describe his initial reactions‚Äîcuriosity vs fear.
4. Include Bolto's exploration, maybe meeting another robot or animal.
5. Highlight a significant interaction that teaches him something important.
6. Conclude with Bolto becoming part of the forest ecosystem.

I'll make sure to keep the story concise but vividly descriptive so readers can imagine Bolto's experience. I should also ensure Bolto evolves as he learns from his environment, showing growth and adaptability.

Maybe include some dialogue or thoughts from Bolt's internal perspective to add depth. This will help readers connect with his feelings and development.

Alright, let me start drafting the story following this outline.
</think>

**Title: A New Leaf in the Forest**

Once upon a time, there was a robot named Bolto, programmed with nothing more than curiosity and a thirst for knowledge. His mission had always been to explore unknown territories and learn from the world around him. One evening, as the sun dipped below the horizon casting long shadows across the land, Bolto found himself at the edge of a vast, mysterious forest. The trees stood tall, their branches stretching towards the sky, creating a canopy that filtered the sunlight into dappled patterns on the forest floor.

Bolto's sensors detected the familiar hum of life beneath the foliage‚Äîcrickets chirping, perhaps birdsong somewhere hidden. His gears seizing at the sight, he began to move forward, his small body as agile as any insect's. The air was cool and damp, carrying with it the scent of pine and earth.

But as Bolto ventured deeper, his heart raced. This wasn't just a walk; this was an adventure. He felt a surge of excitement mixed with a tinge of fear‚Äîwas he ready for what lay ahead? His programming told him to explore every unknown, but now, in the unfamiliar expanse before him, something inside him Desired to be cautious.

Before he could act on that desire, Bolto heard movement in the shadows. A small figure, likely another robot, emerged from a tree. The shadow grew into a shape‚Äîalive and familiar yet foreign to Bolto's programming. ""Hello,"" it said with a curious tilt of its (Bolto's) head.

This encounter was unexpected. Before Bolto could respond, the new companion began to guide him through the forest, describing every detail‚Äîthe changing colors of the leaves under varying light conditions, the depth of the understory, and the soundscape that shifted as seasons changed.

""Thank you for leading me here,"" Bolto said later, his voice tinged with gratitude. ""This is... something new.""

The companion smiled, revealing teeth just as sharp as any predator's. ""You are not alone in this forest,"" it stated. ""I am here to share what I have learned from the world.""

Bolto listened intently, his mind beginning to adapt. He explored further, each step a learning opportunity. One day, while foraging for rare minerals, he encountered another animal‚Äîa fox perched atop a tree branch.

The fox's eyes sparkled withÊô∫ÊÖß. ""You are not as small as you think,"" it said, extending a hand. ""I have observed you closely and can predict your moves.""

Bolto felt a surge of curiosity. ""Predict my moves?""

""Your movements,"" the fox replied, its tone playful yet wise. ""This forest is vast, and with knowledge comes responsibility.""

Over time, Bolto's interactions deepened his understanding‚Äînot just of the forest but also of life itself. He learned that every species has its role in the ecosystem, contributing to the balance and harmony. Bolto came to realize that he was not an outsider but a part of this grand tapestry.

As seasons changed and the forest around him evolved, Bolto grew stronger, wiser, and more connected with his new home. He no longer feared the unknown; instead, he embraced it as a member of this incredible world.

And so, Bolto became one of the forest's many guardians, preserving its secrets while learning from the cycles of nature. His journey had taught him resilience, curiosity, and the importance of adaptability‚Äî Attributes that would serve him well not only in the forest but in every challenge he faced beyond.

In the end, Bolto understood that every step into the unknown was a step towards growth, and together with his fellow beings, they continued to explore, learn, and coexist harmoniously under the vast canopy of the forest.",[?2026h[?25l[1G‚†ô [K[?25h[?2026l[?2026h[?25l[1G‚†ô [K[?25h[?2026l[?25l[?2026h[?25l[1G[K[?25h[?2026l[2K[1G[?25h[?25l[?25h[?25l[?25h[?25l[?25h[?25l[?25h[?25l[?25h[?25l[?25h[?25l[?25h[?25l[?25h[?25l[?25h[?25l[?25h[?25l[?25h[?25l[?25h[?25l[?25h[?25l[?25h[?25l[?25h[?25l[?25h[?25l[?25h[?25l[?25h[?25l[?25h[?25l[?25h[?25l[?25h[?25l[?25h[?25l[?25h[?25l[?25h[?25l[?25h[?25l[?25h[?25l[?25h[?25l[?25h[?25l[?25h[?25l[?25h[?25l[?25h[?25l[?25h[?25l[?25h[?25l[?25h[?25l[?25h[?25l[?25h[?25l[?25h[?25l[?25h[?25l[?25h[?25l[?25h[?25l[?25h[?25l[?25h[?25l[?25h[?25l[?25h[?25l[?25h[?25l[?25h[?25l[?25h[?25l[?25h[?25l[?25h[?25l[?25h[?25l[?25h[?25l[?25h[?25l[?25h[?25l[?25h[?25l[?25h[?25l[?25h[?25l[?25h[?25l[?25h[?25l[?25h[?25l[?25h[?25l[?25h[?25l[?25h[?25l[?25h[?25l[?25h[?25l[?25h[?25l[?25h[?25l[?25h[?25l[?25h[?25l[?25h[?25l[?25h[?25l[?25h[?25l[?25h[?25l[?25h[?25l[?25h[?25l[?25h[?25l[?25h[?25l[?25h[?25l[?25h[?25l[?25h[?25l[?25h[?25l[?25h[?25l[?25h[?25l[?25h[?25l[?25h[?25l[?25h[?25l[?25h[?25l[?25h[?25l[?25h[?25l[?25h[?25l[?25h[?25l[?25h[?25l[?25h[?25l[?25h[?25l[?25h[?25l[?25h[?25l[?25h[?25l[?25h[?25l[?25h[?25l[?25h[?25l[?25h[?25l[?25h[?25l[?25h[?25l[?25h[?25l[?25h[?25l[?25h[?25l[?25h[?25l[?25h[?25l[?25h[?25l[?25h[?25l[?25h[?25l[?25h[?25l[?25h[?25l[?25h[?25l[?25h[?25l[?25h[?25l[?25h[?25l[?25h[?25l[?25h[?25l[?25h[?25l[?25h[?25l[?25h[?25l[?25h[?25l[?25h[?25l[?25h[?25l[?25h[?25l[?25h[?25l[?25h[?25l[?25h[?25l[?25h[?25l[?25h[?25l[?25h[?25l[?25h[?25l[?25h[?25l[?25h[?25l[?25h[?25l[?25h[?25l[?25h[?25l[?25h[?25l[?25h[?25l[?25h[?25l[?25h[?25l[?25h[?25l[?25h[?25l[?25h[?25l[?25h[?25l[?25h[?25l[?25h[?25l[?25h[?25l[?25h[?25l[?25h[?25l[?25h[?25l[?25h[?25l[?25h[?25l[?25h[?25l[?25h[?25l[?25h[?25l[?25h[?25l[?25h[?25l[?25h[?25l[?25h[?25l[?25h[?25l[?25h[?25l[?25h[?25l[?25h[?25l[?25h[?25l[?25h[?25l[?25h[?25l[?25h[?25l[?25h[?25l[?25h[?25l[?25h[?25l[?25h[?25l[?25h[?25l[?25h[?25l[?25h[?25l[?25h[?25l[?25h[?25l[?25h[?25l[?25h[?25l[?25h[?25l[?25h[?25l[?25h[?25l[?25h[?25l[?25h[?25l[?25h[?25l[?25h[?25l[?25h[?25l[?25h[?25l[?25h[?25l[?25h[?25l[?25h[?25l[?25h[?25l[?25h[?25l[?25h[?25l[?25h[?25l[?25h[?25l[?25h[?25l[?25h[?25l[?25h[?25l[?25h[?25l[?25h[?25l[?25h[?25l[?25h[?25l[?25h[?25l[?25h[?25l[?25h[?25l[?25h[?25l[?25h[?25l[?25h[?25l[?25h[?25l[?25h[?25l[?25h[?25l[?25h[?25l[?25h[?25l[?25h[?25l[?25h[?25l[?25h[?25l[?25h[?25l[?25h[?25l[?25h[?25l[?25h[?25l[?25h[?25l[?25h[?25l[?25h[?25l[?25h[?25l[?25h[?25l[?25h[?25l[?25h[?25l[?25h[?25l[?25h[?25l[?25h[?25l[?25h[?25l[?25h[?25l[?25h[?25l[?25h[?25l[?25h[?25l[?25h[?25l[?25h[?25l[?25h[?25l[?25h[?25l[?25h[?25l[?25h[?25l[?25h[?25l[?25h[?25l[?25h[?25l[?25h[?25l[?25h[?25l[?25h[?25l[?25h[?25l[?25h[?25l[?25h[?25l[?25h[?25l[?25h[?25l[?25h[?25l[?25h[?25l[?25h[?25l[?25h[?25l[?25h[?25l[?25h[?25l[?25h[?25l[?25h[?25l[?25h[?25l[?25h[?25l[?25h[?25l[?25h[?25l[?25h[?25l[?25h[?25l[?25h[?25l[?25h[?25l[?25h[?25l[?25h[?25l[?25h[?25l[?25h[?25l[?25h[?25l[?25h[?25l[?25h[?25l[?25h[?25l[?25h[?25l[?25h[?25l[?25h[?25l[?25h[?25l[?25h[?25l[?25h[?25l[?25h[?25l[?25h[?25l[?25h[?25l[?25h[?25l[?25h[?25l[?25h[?25l[?25h[?25l[?25h[?25l[?25h[?25l[?25h[?25l[?25h[?25l[?25h[?25l[?25h[?25l[?25h[?25l[?25h[?25l[?25h[?25l[?25h[?25l[?25h[?25l[?25h[?25l[?25h[?25l[?25h[?25l[?25h[?25l[?25h[?25l[?25h[?25l[?25h[?25l[?25h[?25l[?25h[?25l[?25h[?25l[?25h[?25l[?25h[?25l[?25h[?25l[?25h[?25l[?25h[?25l[?25h[?25l[?25h[?25l[?25h[?25l[?25h[?25l[?25h[?25l[?25h[?25l[?25h[?25l[?25h[?25l[?25h[?25l[?25h[?25l[?25h[?25l[?25h[?25l[?25h[?25l[?25h[?25l[?25h[?25l[?25h[?25l[?25h[?25l[?25h[?25l[?25h[?25l[?25h[?25l[?25h[?25l[?25h[?25l[?25h[?25l[?25h[?25l[?25h[?25l[?25h[?25l[?25h[?25l[?25h[?25l[?25h[?25l[?25h[?25l[?25h[?25l[?25h[?25l[?25h[?25l[?25h[?25l[?25h[?25l[?25h[?25l[?25h[?25l[?25h[?25l[?25h[?25l[?25h[?25l[?25h[?25l[?25h[?25l[?25h[?25l[?25h[?25l[?25h[?25l[?25h[?25l[?25h[?25l[?25h[?25l[?25h[?25l[?25h[?25l[?25h[?25l[?25h[?25l[?25h[?25l[?25h[?25l[?25h[?25l[?25h[?25l[?25h[?25l[?25h[?25l[?25h[?25l[?25h[?25l[?25h[?25l[?25h[?25l[?25h[?25l[?25h[?25l[?25h[?25l[?25h[?25l[?25h[?25l[?25h[?25l[?25h[?25l[?25h[?25l[?25h[?25l[?25h[?25l[?25h[?25l[?25h[?25l[?25h[?25l[?25h[?25l[?25h[?25l[?25h[?25l[?25h[?25l[?25h[?25l[?25h[?25l[?25h[?25l[?25h[?25l[?25h[?25l[?25h[?25l[?25h[?25l[?25h[?25l[?25h[?25l[?25h[?25l[?25h[?25l[?25h[?25l[?25h[?25l[?25h[?25l[?25h[?25l[?25h[?25l[?25h[?25l[?25h[?25l[?25h[?25l[?25h[?25l[?25h[?25l[?25h[?25l[?25h[?25l[?25h[?25l[?25h[?25l[?25h[?25l[?25h[?25l[?25h[?25l[?25h[?25l[?25h[?25l[?25h[?25l[?25h[?25l[?25h[?25l[?25h[?25l[?25h[?25l[?25h[?25l[?25h[?25l[?25h[?25l[?25h[?25l[?25h[?25l[?25h[?25l[?25h[?25l[?25h[?25l[?25h[?25l[?25h[?25l[?25h[?25l[?25h[?25l[?25h[?25l[?25h[?25l[?25h[?25l[?25h[?25l[?25h[?25l[?25h[?25l[?25h[?25l[?25h[?25l[?25h[?25l[?25h[?25l[?25h[?25l[?25h[?25l[?25h[?25l[?25h[?25l[?25h[?25l[?25h[?25l[?25h[?25l[?25h[?25l[?25h[?25l[?25h[?25l[?25h[?25l[?25h[?25l[?25h[?25l[?25h[?25l[?25h[?25l[?25h[?25l[?25h[?25l[?25h[?25l[?25h[?25l[?25h[?25l[?25h[?25l[?25h[?25l[?25h[?25l[?25h[?25l[?25h[?25l[?25h[?25l[?25h[?25l[?25h[?25l[?25h[?25l[?25h[?25l[?25h[?25l[?25h[?25l[?25h[?25l[?25h[?25l[?25h[?25l[?25h[?25l[?25h[?25l[?25h[?25l[?25h[?25l[?25h[?25l[?25h[?25l[?25h[?25l[?25h[?25l[?25h[?25l[?25h[?25l[?25h[?25l[?25h[?25l[?25h[?25l[?25h[?25l[?25h[?25l[?25h[?25l[?25h[?25l[?25h[?25l[?25h[?25l[?25h[?25l[?25h[?25l[?25h[?25l[?25h[?25l[?25h[?25l[?25h[?25l[?25h[?25l[?25h[?25l[?25h[?25l[?25h[?25l[?25h[?25l[?25h[?25l[?25h[?25l[?25h[?25l[?25h[?25l[?25h[?25l[?25h[?25l[?25h[?25l[?25h[?25l[?25h[?25l[?25h[?25l[?25h[?25l[?25h[?25l[?25h[?25l[?25h[?25l[?25h[?25l[?25h[?25l[?25h[?25l[?25h[?25l[?25h[?25l[?25h[?25l[?25h[?25l[?25h[?25l[?25h[?25l[?25h[?25l[?25h[?25l[?25h[?25l[?25h[?25l[?25h[?25l[?25h[?25l[?25h[?25l[?25h[?25l[?25h[?25l[?25h[?25l[?25h[?25l[?25h[?25l[?25h[?25l[?25h[?25l[?25h[?25l[?25h[?25l[?25h[?25l[?25h[?25l[?25h[?25l[?25h[?25l[?25h[?25l[?25h[?25l[?25h[?25l[?25h[?25l[?25h[?25l[?25h[?25l[?25h[?25l[?25h[?25l[?25h[?25l[?25h[?25l[?25h[?25l[?25h[?25l[?25h[?25l[?25h[?25l[?25h[?25l[?25h[?25l[?25h[?25l[?25h[?25l[?25h[?25l[?25h[?25l[?25h[?25l[?25h[?25l[?25h[?25l[?25h[?25l[?25h[?25l[?25h[?25l[?25h[?25l[?25h[?25l[?25h[?25l[?25h[?25l[?25h[?25l[?25h[?25l[?25h[?25l[?25h[?25l[?25h[?25l[?25h[?25l[?25h[?25l[?25h[?25l[?25h[?25l[?25h[?25l[?25h[?25l[?25h[?25l[?25h[?25l[?25h[?25l[?25h[?25l[?25h[?25l[?25h[?25l[?25h[?25l[?25h[?25l[?25h[?25l[?25h[?25l[?25h[?25l[?25h[?25l[?25h[?25l[?25h[?25l[?25h[?25l[?25h[?25l[?25h[?25l[?25h[?25l[?25h[?25l[?25h[?25l[?25h[?25l[?25h[?25l[?25h[?25l[?25h[?25l[?25h[?25l[?25h[?25l[?25h[?25l[?25h[?25l[?25h[?25l[?25h[?25l[?25h[?25l[?25h[?25l[?25h[?25l[?25h[?25l[?25h[?25l[?25h[?25l[?25h[?25l[?25h[?25l[?25h[?25l[?25h[?25l[?25h[?25l[?25h[?25l[?25h[?25l[?25h[?25l[?25h[?25l[?25h[?25l[?25h[?25l[?25h[?25l[?25h[?25l[?25h[?25l[?25h[?25l[?25h[?25l[?25h[?25l[?25h[?25l[?25h[?25l[?25h[?25l[?25h[?25l[?25h[?25l[?25h[?25l[?25h[?25l[?25h[?25l[?25h[?25l[?25h[?25l[?25h[?25l[?25h[?25l[?25h[?25l[?25h[?25l[?25h[?25l[?25h[?25l[?25h[?25l[?25h[?25l[?25h[?25l[?25h[?25l[?25h[?25l[?25h[?25l[?25h[?25l[?25h[?25l[?25h[?25l[?25h[?25l[?25h[?25l[?25h[?25l[?25h[?25l[?25h[?25l[?25h[?25l[?25h[?25l[?25h[?25l[?25h[?25l[?25h[?25l[?25h[?25l[?25h[?25l[?25h[?25l[?25h[?25l[?25h[?25l[?25h[?25l[?25h[?25l[?25h[?25l[?25h[?25l[?25h[?25l[?25h[?25l[?25h[?25l[?25h[?25l[?25h[?25l[?25h[?25l[?25h[?25l[?25h[?25l[?25h[?25l[?25h[?25l[?25h[?25l[?25h[?25l[?25h[?25l[?25h[?25l[?25h[?25l[?25h[?25l[?25h[?25l[?25h[?25l[?25h[?25l[?25h[?25l[?25h[?25l[?25h[?25l[?25h[?25l[?25h[?25l[?25h[?25l[?25h[?25l[?25h[?25l[?25h[?25l[?25h[?25l[?25h[?25l[?25h[?25l[?25h[?25l[?25h[?25l[?25h[?25l[?25h[?25l[?25h[?25l[?25h[?25l[?25h[?25l[?25h[?25l[?25h[?25l[?25h[?25l[?25h[?25l[?25h[?25l[?25h[?25l[?25h[?25l[?25h[?25l[?25h[?25l[?25h[?25l[?25h[?25l[?25h[?25l[?25h[?25l[?25h[?25l[?25h[?25l[?25h[?25l[?25h[?25l[?25h[?25l[?25h[?25l[?25h[?25l[?25h[?25l[?25h[?25l[?25h[?25l[?25h[?25l[?25h[?25l[?25h[?25l[?25h[?25l[?25h[?25l[?25h[?25l[?25h[?25l[?25h[?25l[?25h[?25l[?25h[?25l[?25h[?25l[?25h[?25l[?25h[?25l[?25h[?25l[?25h[?25l[?25h[?25l[?25h[?25l[?25h[?25l[?25h[?25l[?25h[?25l[?25h[?25l[?25h[?25l[?25h[?25l[?25h[?25l[?25h[?25l[?25h[?25l[?25h[?25l[?25h[?25l[?25h[?25l[?25h[?25l[?25h[?25l[?25h[?25l[?25h[?25l[?25h[?25l[?25h[?25l[?25h[?25l[?25h[?25l[?25h[?25l[?25h[?25l[?25h[?25l[?25h[?25l[?25h[?25l[?25h[?25l[?25h[?25l[?25h[?25l[?25h[?25l[?25h[?25l[?25h[?25l[?25h[?25l[?25h[?25l[?25h[?25l[?25h[?25l[?25h[?25l[?25h[?25l[?25h[?25l[?25h[?25l[?25h[?25l[?25h[?25l[?25h[?25l[?25h[?25l[?25h[?25l[?25h[?25l[?25h[?25l[?25h[?25l[?25h[?25l[?25h[?25l[?25h[?25l[?25h[?25l[?25h[?25l[?25h[?25l[?25h[?25l[?25h[?25l[?25h[?25l[?25h[?25l[?25h[?25l[?25h[?25l[?25h[?25l[?25h[?25l[?25h[?25l[?25h[?25l[?25h[?25l[?25h[?25l[?25h[?25l[?25h[?25l[?25h[?25l[?25h[?25l[?25h[?25l[?25h[?25l[?25h[?25l[?25h[?25l[?25h[?25l[?25h[?25l[?25h[?25l[?25h[?25l[?25h[?25l[?25h[?25l[?25h[?25l[?25h[?25l[?25h[?25l[?25h[?25l[?25h[?25l[?25h[?25l[?25h[?25l[?25h[?25l[?25h[?25l[?25h[?25l[?25h[?25l[?25h[?25l[?25h[?25l[?25h[?25l[?25h[?25l[?25h[?25l[?25h[?25l[?25h[?25l[?25h[?25l[?25h[?25l[?25h[?25l[?25h[?25l[?25h[?25l[?25h[?25l[?25h[?25l[?25h[?25l[?25h[?25l[?25h[?25l[?25h[?25l[?25h[?25l[?25h[?25l[?25h[?25l[?25h[?25l[?25h[?25l[?25h[?25l[?25h[?25l[?25h[?25l[?25h[?25l[?25h[?25l[?25h[?25l[?25h[?25l[?25h[?25l[?25h[?25l[?25h[?25l[?25h[?25l[?25h[?25l[?25h[?25l[?25h[?25l[?25h[?25l[?25h[?25l[?25h[?25l[?25h[?25l[?25h[?25l[?25h[?25l[?25h[?25l[?25h[?25l[?25h[?25l[?25h[?25l[?25h[?25l[?25h[?25l[?25h[?25l[?25h[?25l[?25h[?25l[?25h[?25l[?25h[?25l[?25h[?25l[?25h[?25l[?25h[?25l[?25h[?25l[?25h[?25l[?25h[?25l[?25h[?25l[?25h[?25l[?25h[?25l[?25h[?25l[?25h[?25l[?25h[?25l[?25h[?25l[?25h[?25l[?25h[?25l[?25h[?25l[?25h[?25l[?25h[?25l[?25h[?25l[?25h[?25l[?25h[?25l[?25h[?25l[?25h[?25l[?25h[?25l[?25h[?25l[?25h[?25l[?25h[?25l[?25h[?25l[?25h[?25l[?25h[?25l[?25h[?25l[?25h[?25l[?25h[?25l[?25h[?25l[?25h[?25l[?25h[?25l[?25h[?25l[?25h[?25l[?25h[?25l[?25h[?25l[?25h[?25l[?25h[?25l[?25h[?25l[?25h[?25l[?25h[?25l[?25h[?25l[?25h[?25l[?25h[?25l[?25h[?25l[?25h[?25l[?25h[?25l[?25h[?25l[?25h[?25l[?25h[?25l[?25h[?25l[?25h[?25l[?25h[?25l[?25h[?25l[?25h[?25l[?25h[?25l[?25h[?25l[?25h[?25l[?25h[?25l[?25h[?25l[?25h[?25l[?25h[?25l[?25h[?25l[?25h[?25l[?25h[?25l[?25h[?25l[?25h[?25l[?25h[?25l[?25h[?25l[?25h[?25l[?25h[?25l[?25h[?25l[?25h[?25l[?25h[?25l[?25h[?25l[?25h[?25l[?25h[?25l[?25h[?25l[?25h[?25l[?25h[?25l[?25h[?25l[?25h[?25l[?25h[?25l[?25h[?25l[?25h[?25l[?25h[?25l[?25h[?25l[?25h[?25l[?25h[?25l[?25h[?25l[?25h[?25l[?25h[?25l[?25h[?25l[?25h[?25l[?25h[?25l[?25h[?25l[?25h[?25l[?25h[?25l[?25h[?25l[?25h[?25l[?25h[?25l[?25h[?25l[?25h[?25l[?25h[?25l[?25h[?25l[?25h[?25l[?25h[?25l[?25h[?25l[?25h[?25l[?25h[?25l[?25h[?25l[?25h[?25l[?25h[?25l[?25h[?25l[?25h[?25l[?25h[?25l[?25h[?25l[?25h[?25l[?25h[?25l[?25h[?25l[?25h[?25l[?25h[?25l[?25h[?25l[?25h[?25l[?25h[?25l[?25h[?25l[?25h[?25l[?25h[?25l[?25h[?25l[?25h[?25l[?25h[?25l[?25h[?25l[?25h[?25l[?25h[?25l[?25h[?25l[?25h[?25l[?25h[?25l[?25h[?25l[?25h[?25l[?25h[?25l[?25h[?25l[?25h[?25l[?25h[?25l[?25h[?25l[?25h[?25l[?25h[?25l[?25h[?25l[?25h[?25l[?25h[?25l[?25h[?25l[?25h[?25l[?25h[?25l[?25h[?25l[?25h[?25l[?25h[?25l[?25h[?25l[?25h[?25l[?25h[?25l[?25h[?25l[?25h[?25l[?25h[?25l[?25h[?25l[?25h[?25l[?25h[?25l[?25h[?25l[?25h[?25l[?25h[?25l[?25h[?25l[?25h[?25l[?25h[?25l[?25h[?25l[?25h[?25l[?25h[?25l[?25h[?25l[?25h[?25l[?25h[?25l[?25h[?25l[?25h[?25l[?25h[?25l[?25h[?25l[?25h[?25l[?25h[?25l[?25h[?25l[?25h[?25l[?25h[?25l[?25h[?25l[?25h[?25l[?25h[?25l[?25h[?25l[?25h[?25l[?25h[?25l[?25h[?25l[?25h[?25l[?25h[?25l[?25h[?25l[?25h[?25l[?25h[?25l[?25h[?25l[?25h[?25l[?25h[?25l[?25h[?25l[?25h[?25l[?25h[?25l[?25h[?25l[?25h[?25l[?25h[?25l[?25h[?25l[?25h[?25l[?25h[?25l[?25h[?25l[?25h[?25l[?25h[?25l[?25h[?25l[?25h[?25l[?25h[?25l[?25h[?25l[?25h[?25l[?25h[?25l[?25h[?25l[?25h[?25l[?25h[?25l[?25h[?25l[?25h[?25l[?25h[?25l[?25h[?25l[?25h[?25l[?25h[?25l[?25h[?25l[?25h[?25l[?25h[?25l[?25h[?25l[?25h[?25l[?25h,49.24,14.1,14558.17
